time,city,latitude,longitude,temperature_2m,relative_humidity_2m,precipitation,rain,weather_code,wind_speed_10m
2019-10-01T00:00,上海,31.2304,121.4737,23.1,96,0.2,0.2,51,7.0
2019-10-01T01:00,上海,31.2304,121.4737,23.0,95,0.4,0.4,51,7.9
2019-10-01T02:00,上海,31.2304,121.4737,23.0,94,0.1,0.1,51,9.3
2019-10-01T03:00,上海,31.2304,121.4737,23.1,94,0.1,0.1,51,11.6
2019-10-01T04:00,上海,31.2304,121.4737,23.5,94,0.4,0.4,51,13.2
2019-10-01T05:00,上海,31.2304,121.4737,23.7,95,0.3,0.3,51,14.5
2019-10-01T06:00,上海,31.2304,121.4737,24.0,95,0.3,0.3,51,15.1
2019-10-01T07:00,上海,31.2304,121.4737,24.6,94,0.3,0.3,51,17.3
2019-10-01T08:00,上海,31.2304,121.4737,24.6,90,0.7,0.7,53,18.0
2019-10-01T09:00,上海,31.2304,121.4737,24.4,90,4.5,4.5,63,18.2
2019-10-01T10:00,上海,31.2304,121.4737,23.6,94,3.6,3.6,63,19.1
2019-10-01T11:00,上海,31.2304,121.4737,24.0,92,3.1,3.1,63,22.9
2019-10-01T12:00,上海,31.2304,121.4737,24.2,92,3.8,3.8,63,24.6
2019-10-01T13:00,上海,31.2304,121.4737,23.8,93,4.7,4.7,63,30.8
2019-10-01T14:00,上海,31.2304,121.4737,24.4,90,1.9,1.9,61,35.0
2019-10-01T15:00,上海,31.2304,121.4737,24.1,92,3.1,3.1,63,36.9
2019-10-01T16:00,上海,31.2304,121.4737,24.2,90,5.2,5.2,63,37.9
2019-10-01T17:00,上海,31.2304,121.4737,24.5,88,5.9,5.9,63,42.5
2019-10-01T18:00,上海,31.2304,121.4737,24.6,88,4.4,4.4,63,51.5
2019-10-01T19:00,上海,31.2304,121.4737,24.3,89,5.0,5.0,63,46.0
2019-10-01T20:00,上海,31.2304,121.4737,23.1,89,10.7,10.7,65,46.6
2019-10-01T21:00,上海,31.2304,121.4737,23.0,90,13.5,13.5,65,46.9
2019-10-01T22:00,上海,31.2304,121.4737,23.4,91,9.2,9.2,65,38.4
2019-10-01T23:00,上海,31.2304,121.4737,23.2,91,4.5,4.5,63,47.1
2019-10-02T00:00,上海,31.2304,121.4737,23.4,92,2.3,2.3,61,30.2
2019-10-02T01:00,上海,31.2304,121.4737,23.1,92,2.5,2.5,63,35.8
2019-10-02T02:00,上海,31.2304,121.4737,23.0,92,1.4,1.4,61,34.4
2019-10-02T03:00,上海,31.2304,121.4737,23.1,92,0.8,0.8,53,31.1
2019-10-02T04:00,上海,31.2304,121.4737,22.5,94,0.5,0.5,53,30.1
2019-10-02T05:00,上海,31.2304,121.4737,22.5,94,0.5,0.5,53,31.2
2019-10-02T06:00,上海,31.2304,121.4737,22.4,94,1.4,1.4,61,27.9
2019-10-02T07:00,上海,31.2304,121.4737,22.5,94,0.7,0.7,53,28.0
2019-10-02T08:00,上海,31.2304,121.4737,23.1,89,0.6,0.6,53,26.8
2019-10-02T09:00,上海,31.2304,121.4737,23.8,85,0.1,0.1,51,31.6
2019-10-02T10:00,上海,31.2304,121.4737,24.9,79,0.4,0.4,51,32.3
2019-10-02T11:00,上海,31.2304,121.4737,25.6,75,0.1,0.1,51,32.3
2019-10-02T12:00,上海,31.2304,121.4737,26.9,68,0.0,0.0,2,32.9
2019-10-02T13:00,上海,31.2304,121.4737,27.1,66,0.0,0.0,2,31.6
2019-10-02T14:00,上海,31.2304,121.4737,27.1,67,0.0,0.0,2,26.6
2019-10-02T15:00,上海,31.2304,121.4737,27.2,67,0.0,0.0,0,25.4
2019-10-02T16:00,上海,31.2304,121.4737,26.9,69,0.0,0.0,0,19.9
2019-10-02T17:00,上海,31.2304,121.4737,25.7,75,0.0,0.0,1,15.5
2019-10-02T18:00,上海,31.2304,121.4737,23.9,84,0.0,0.0,0,13.7
2019-10-02T19:00,上海,31.2304,121.4737,23.0,85,0.0,0.0,0,10.9
2019-10-02T20:00,上海,31.2304,121.4737,22.6,90,0.0,0.0,0,7.7
2019-10-02T21:00,上海,31.2304,121.4737,22.1,92,0.0,0.0,0,6.7
2019-10-02T22:00,上海,31.2304,121.4737,21.5,95,0.0,0.0,0,4.3
2019-10-02T23:00,上海,31.2304,121.4737,21.4,95,0.0,0.0,0,3.2
2019-10-03T00:00,上海,31.2304,121.4737,20.5,98,0.0,0.0,0,3.7
2019-10-03T01:00,上海,31.2304,121.4737,19.7,100,0.0,0.0,3,4.1
2019-10-03T02:00,上海,31.2304,121.4737,19.4,100,0.0,0.0,3,3.9
2019-10-03T03:00,上海,31.2304,121.4737,19.0,100,0.0,0.0,3,4.3
2019-10-03T04:00,上海,31.2304,121.4737,18.6,100,0.0,0.0,3,3.1
2019-10-03T05:00,上海,31.2304,121.4737,19.0,99,0.0,0.0,3,4.3
2019-10-03T06:00,上海,31.2304,121.4737,18.4,100,0.0,0.0,3,3.6
2019-10-03T07:00,上海,31.2304,121.4737,19.0,98,0.0,0.0,3,3.2
2019-10-03T08:00,上海,31.2304,121.4737,21.9,97,0.0,0.0,3,4.1
2019-10-03T09:00,上海,31.2304,121.4737,24.9,81,0.0,0.0,0,4.8
2019-10-03T10:00,上海,31.2304,121.4737,26.7,73,0.0,0.0,0,5.0
2019-10-03T11:00,上海,31.2304,121.4737,27.9,63,0.4,0.4,51,5.6
2019-10-03T12:00,上海,31.2304,121.4737,28.0,63,0.3,0.3,51,6.4
2019-10-03T13:00,上海,31.2304,121.4737,27.9,61,0.1,0.1,51,2.8
2019-10-03T14:00,上海,31.2304,121.4737,27.9,62,0.1,0.1,51,2.6
2019-10-03T15:00,上海,31.2304,121.4737,27.6,64,0.0,0.0,1,3.1
2019-10-03T16:00,上海,31.2304,121.4737,27.2,68,0.0,0.0,1,6.2
2019-10-03T17:00,上海,31.2304,121.4737,26.0,79,0.0,0.0,1,7.4
2019-10-03T18:00,上海,31.2304,121.4737,24.2,87,0.0,0.0,0,8.1
2019-10-03T19:00,上海,31.2304,121.4737,23.1,91,0.0,0.0,0,8.1
2019-10-03T20:00,上海,31.2304,121.4737,22.9,90,0.0,0.0,0,8.9
2019-10-03T21:00,上海,31.2304,121.4737,22.5,92,0.0,0.0,0,7.9
2019-10-03T22:00,上海,31.2304,121.4737,22.1,95,0.0,0.0,0,6.9
2019-10-03T23:00,上海,31.2304,121.4737,21.9,98,0.0,0.0,0,6.4
2019-10-04T00:00,上海,31.2304,121.4737,21.6,98,0.0,0.0,0,6.4
2019-10-04T01:00,上海,31.2304,121.4737,21.2,99,0.0,0.0,0,6.4
2019-10-04T02:00,上海,31.2304,121.4737,20.9,100,0.0,0.0,3,5.9
2019-10-04T03:00,上海,31.2304,121.4737,20.6,100,0.0,0.0,3,5.6
2019-10-04T04:00,上海,31.2304,121.4737,20.4,100,0.0,0.0,3,5.2
2019-10-04T05:00,上海,31.2304,121.4737,20.4,100,0.0,0.0,3,5.6
2019-10-04T06:00,上海,31.2304,121.4737,20.4,100,0.0,0.0,3,5.4
2019-10-04T07:00,上海,31.2304,121.4737,22.0,98,0.0,0.0,3,3.7
2019-10-04T08:00,上海,31.2304,121.4737,24.4,89,0.0,0.0,1,7.1
2019-10-04T09:00,上海,31.2304,121.4737,26.0,81,0.0,0.0,1,6.5
2019-10-04T10:00,上海,31.2304,121.4737,27.0,74,0.1,0.1,51,7.7
2019-10-04T11:00,上海,31.2304,121.4737,27.4,71,0.2,0.2,51,9.1
2019-10-04T12:00,上海,31.2304,121.4737,27.4,71,0.5,0.5,53,9.8
2019-10-04T13:00,上海,31.2304,121.4737,27.4,71,0.6,0.6,53,10.8
2019-10-04T14:00,上海,31.2304,121.4737,27.0,74,0.4,0.4,51,12.6
2019-10-04T15:00,上海,31.2304,121.4737,26.5,76,0.0,0.0,0,14.2
2019-10-04T16:00,上海,31.2304,121.4737,25.8,82,0.0,0.0,0,13.4
2019-10-04T17:00,上海,31.2304,121.4737,24.7,88,0.0,0.0,0,12.2
2019-10-04T18:00,上海,31.2304,121.4737,23.5,94,0.0,0.0,0,10.9
2019-10-04T19:00,上海,31.2304,121.4737,23.1,95,0.0,0.0,3,10.6
2019-10-04T20:00,上海,31.2304,121.4737,23.3,97,0.0,0.0,3,8.2
2019-10-04T21:00,上海,31.2304,121.4737,23.5,96,0.0,0.0,1,8.0
2019-10-04T22:00,上海,31.2304,121.4737,23.3,95,0.0,0.0,1,9.9
2019-10-04T23:00,上海,31.2304,121.4737,23.1,94,0.0,0.0,0,10.2
2019-10-05T00:00,上海,31.2304,121.4737,23.0,94,0.0,0.0,0,9.4
2019-10-05T01:00,上海,31.2304,121.4737,22.5,95,0.0,0.0,0,10.9
2019-10-05T02:00,上海,31.2304,121.4737,22.4,95,0.0,0.0,1,11.5
2019-10-05T03:00,上海,31.2304,121.4737,22.4,95,0.0,0.0,1,14.0
2019-10-05T04:00,上海,31.2304,121.4737,22.4,94,0.0,0.0,1,15.0
2019-10-05T05:00,上海,31.2304,121.4737,22.1,94,0.0,0.0,1,14.7
2019-10-05T06:00,上海,31.2304,121.4737,22.0,93,0.0,0.0,1,14.5
2019-10-05T07:00,上海,31.2304,121.4737,22.4,85,0.0,0.0,0,15.1
2019-10-05T08:00,上海,31.2304,121.4737,23.4,76,0.0,0.0,1,17.7
2019-10-05T09:00,上海,31.2304,121.4737,24.0,74,0.0,0.0,1,17.9
2019-10-05T10:00,上海,31.2304,121.4737,24.4,72,0.0,0.0,1,18.9
2019-10-05T11:00,上海,31.2304,121.4737,24.8,70,0.0,0.0,2,21.4
2019-10-05T12:00,上海,31.2304,121.4737,23.8,77,0.1,0.1,51,23.4
2019-10-05T13:00,上海,31.2304,121.4737,23.2,79,0.1,0.1,51,22.2
2019-10-05T14:00,上海,31.2304,121.4737,22.5,83,0.1,0.1,51,20.8
2019-10-05T15:00,上海,31.2304,121.4737,21.6,85,0.1,0.1,51,21.6
2019-10-05T16:00,上海,31.2304,121.4737,21.4,85,0.1,0.1,51,24.0
2019-10-05T17:00,上海,31.2304,121.4737,20.9,85,0.0,0.0,3,20.9
2019-10-05T18:00,上海,31.2304,121.4737,20.4,83,0.0,0.0,3,18.6
2019-10-05T19:00,上海,31.2304,121.4737,20.0,82,0.0,0.0,3,18.3
2019-10-05T20:00,上海,31.2304,121.4737,20.0,81,0.0,0.0,2,12.0
2019-10-05T21:00,上海,31.2304,121.4737,19.8,81,0.0,0.0,3,11.9
2019-10-05T22:00,上海,31.2304,121.4737,19.7,80,0.0,0.0,3,14.1
2019-10-05T23:00,上海,31.2304,121.4737,19.4,80,0.0,0.0,2,14.3
2019-10-06T00:00,上海,31.2304,121.4737,19.2,78,0.0,0.0,2,14.6
2019-10-06T01:00,上海,31.2304,121.4737,19.1,78,0.0,0.0,1,12.9
2019-10-06T02:00,上海,31.2304,121.4737,18.9,79,0.0,0.0,3,12.6
2019-10-06T03:00,上海,31.2304,121.4737,19.0,79,0.0,0.0,3,10.0
2019-10-06T04:00,上海,31.2304,121.4737,18.9,80,0.0,0.0,1,11.1
2019-10-06T05:00,上海,31.2304,121.4737,18.8,80,0.0,0.0,2,12.4
2019-10-06T06:00,上海,31.2304,121.4737,18.9,79,0.0,0.0,2,11.8
2019-10-06T07:00,上海,31.2304,121.4737,19.7,76,0.0,0.0,3,10.6
2019-10-06T08:00,上海,31.2304,121.4737,21.0,67,0.0,0.0,3,13.0
2019-10-06T09:00,上海,31.2304,121.4737,21.7,65,0.0,0.0,1,12.5
2019-10-06T10:00,上海,31.2304,121.4737,22.6,61,0.0,0.0,3,10.8
2019-10-06T11:00,上海,31.2304,121.4737,23.1,59,0.0,0.0,3,10.3
2019-10-06T12:00,上海,31.2304,121.4737,23.2,59,0.0,0.0,3,10.5
2019-10-06T13:00,上海,31.2304,121.4737,23.7,58,0.0,0.0,2,9.7
2019-10-06T14:00,上海,31.2304,121.4737,23.9,57,0.0,0.0,1,8.7
2019-10-06T15:00,上海,31.2304,121.4737,24.0,55,0.0,0.0,0,7.3
2019-10-06T16:00,上海,31.2304,121.4737,23.9,57,0.0,0.0,0,9.1
2019-10-06T17:00,上海,31.2304,121.4737,21.5,71,0.0,0.0,0,12.6
2019-10-06T18:00,上海,31.2304,121.4737,19.8,77,0.0,0.0,0,11.4
2019-10-06T19:00,上海,31.2304,121.4737,19.7,79,0.0,0.0,1,9.6
2019-10-06T20:00,上海,31.2304,121.4737,19.4,83,0.0,0.0,1,5.8
2019-10-06T21:00,上海,31.2304,121.4737,19.1,86,0.0,0.0,2,4.8
2019-10-06T22:00,上海,31.2304,121.4737,19.0,86,0.0,0.0,2,5.5
2019-10-06T23:00,上海,31.2304,121.4737,18.8,87,0.0,0.0,0,4.8
2019-10-07T00:00,上海,31.2304,121.4737,18.4,88,0.0,0.0,0,5.1
2019-10-07T01:00,上海,31.2304,121.4737,18.0,89,0.0,0.0,1,5.4
2019-10-07T02:00,上海,31.2304,121.4737,17.8,91,0.0,0.0,1,4.6
2019-10-07T03:00,上海,31.2304,121.4737,17.6,92,0.0,0.0,1,3.3
2019-10-07T04:00,上海,31.2304,121.4737,17.8,90,0.0,0.0,3,4.7
2019-10-07T05:00,上海,31.2304,121.4737,17.9,89,0.0,0.0,1,5.4
2019-10-07T06:00,上海,31.2304,121.4737,17.9,89,0.0,0.0,0,5.0
2019-10-07T07:00,上海,31.2304,121.4737,19.0,84,0.0,0.0,1,1.3
2019-10-07T08:00,上海,31.2304,121.4737,21.4,75,0.0,0.0,1,1.9
2019-10-07T09:00,上海,31.2304,121.4737,22.9,73,0.0,0.0,2,4.3
2019-10-07T10:00,上海,31.2304,121.4737,24.0,71,0.0,0.0,2,6.9
2019-10-07T11:00,上海,31.2304,121.4737,24.9,70,0.0,0.0,3,12.8
2019-10-07T12:00,上海,31.2304,121.4737,23.7,75,0.0,0.0,3,16.4
2019-10-07T13:00,上海,31.2304,121.4737,22.5,80,0.0,0.0,3,15.0
2019-10-07T14:00,上海,31.2304,121.4737,22.3,80,0.0,0.0,3,13.8
2019-10-07T15:00,上海,31.2304,121.4737,22.6,79,0.0,0.0,3,12.0
2019-10-07T16:00,上海,31.2304,121.4737,22.4,79,0.0,0.0,3,13.6
2019-10-07T17:00,上海,31.2304,121.4737,21.5,80,0.0,0.0,3,11.7
2019-10-07T18:00,上海,31.2304,121.4737,20.4,84,0.0,0.0,3,7.7
2019-10-07T19:00,上海,31.2304,121.4737,19.5,86,0.0,0.0,3,7.9
2019-10-07T20:00,上海,31.2304,121.4737,19.6,82,0.0,0.0,3,11.8
2019-10-07T21:00,上海,31.2304,121.4737,18.9,82,0.0,0.0,2,12.3
2019-10-07T22:00,上海,31.2304,121.4737,18.2,82,0.0,0.0,3,11.8
2019-10-07T23:00,上海,31.2304,121.4737,17.9,82,0.0,0.0,3,12.2
2019-10-08T00:00,上海,31.2304,121.4737,17.3,84,0.0,0.0,3,12.8
2019-10-08T01:00,上海,31.2304,121.4737,16.8,88,0.0,0.0,3,11.5
2019-10-08T02:00,上海,31.2304,121.4737,16.2,90,0.0,0.0,3,10.5
2019-10-08T03:00,上海,31.2304,121.4737,15.9,90,0.0,0.0,3,11.3
2019-10-08T04:00,上海,31.2304,121.4737,15.9,91,0.0,0.0,3,11.1
2019-10-08T05:00,上海,31.2304,121.4737,15.9,91,0.0,0.0,3,10.3
2019-10-08T06:00,上海,31.2304,121.4737,15.9,90,0.0,0.0,3,11.0
2019-10-08T07:00,上海,31.2304,121.4737,16.5,86,0.0,0.0,2,10.9
2019-10-08T08:00,上海,31.2304,121.4737,17.0,82,0.0,0.0,1,13.3
2019-10-08T09:00,上海,31.2304,121.4737,18.5,77,0.0,0.0,3,13.5
2019-10-08T10:00,上海,31.2304,121.4737,19.0,75,0.0,0.0,3,12.7
2019-10-08T11:00,上海,31.2304,121.4737,19.2,73,0.0,0.0,3,11.9
2019-10-08T12:00,上海,31.2304,121.4737,19.9,71,0.0,0.0,3,12.1
2019-10-08T13:00,上海,31.2304,121.4737,20.4,70,0.0,0.0,2,12.9
2019-10-08T14:00,上海,31.2304,121.4737,20.1,70,0.0,0.0,3,12.8
2019-10-08T15:00,上海,31.2304,121.4737,20.4,70,0.0,0.0,3,11.9
2019-10-08T16:00,上海,31.2304,121.4737,20.0,77,0.0,0.0,3,10.2
2019-10-08T17:00,上海,31.2304,121.4737,19.6,85,0.0,0.0,3,7.6
2019-10-08T18:00,上海,31.2304,121.4737,19.4,88,0.0,0.0,3,5.6
2019-10-08T19:00,上海,31.2304,121.4737,18.7,91,0.0,0.0,0,5.7
2019-10-08T20:00,上海,31.2304,121.4737,17.1,94,0.0,0.0,1,7.6
2019-10-08T21:00,上海,31.2304,121.4737,17.0,94,0.0,0.0,0,6.8
2019-10-08T22:00,上海,31.2304,121.4737,16.4,96,0.0,0.0,0,7.7
2019-10-08T23:00,上海,31.2304,121.4737,16.5,95,0.0,0.0,0,7.1
2019-10-09T00:00,上海,31.2304,121.4737,16.5,94,0.0,0.0,0,7.1
2019-10-09T01:00,上海,31.2304,121.4737,16.6,92,0.0,0.0,0,8.0
2019-10-09T02:00,上海,31.2304,121.4737,16.5,91,0.0,0.0,0,8.1
2019-10-09T03:00,上海,31.2304,121.4737,16.2,91,0.0,0.0,0,7.2
2019-10-09T04:00,上海,31.2304,121.4737,16.5,91,0.0,0.0,1,8.6
2019-10-09T05:00,上海,31.2304,121.4737,17.2,92,0.0,0.0,1,8.4
2019-10-09T06:00,上海,31.2304,121.4737,18.1,86,0.0,0.0,1,10.2
2019-10-09T07:00,上海,31.2304,121.4737,19.4,80,0.0,0.0,1,11.4
2019-10-09T08:00,上海,31.2304,121.4737,20.8,73,0.0,0.0,1,14.8
2019-10-09T09:00,上海,31.2304,121.4737,21.6,68,0.0,0.0,1,14.6
2019-10-09T10:00,上海,31.2304,121.4737,22.2,65,0.0,0.0,0,13.6
2019-10-09T11:00,上海,31.2304,121.4737,22.6,63,0.0,0.0,0,13.5
2019-10-09T12:00,上海,31.2304,121.4737,22.7,62,0.0,0.0,1,11.8
2019-10-09T13:00,上海,31.2304,121.4737,22.7,61,0.0,0.0,1,10.8
2019-10-09T14:00,上海,31.2304,121.4737,22.2,60,0.0,0.0,0,13.0
2019-10-09T15:00,上海,31.2304,121.4737,22.0,60,0.0,0.0,1,13.3
2019-10-09T16:00,上海,31.2304,121.4737,21.5,61,0.0,0.0,0,13.5
2019-10-09T17:00,上海,31.2304,121.4737,20.3,70,0.0,0.0,1,10.1
2019-10-09T18:00,上海,31.2304,121.4737,19.0,77,0.0,0.0,1,8.3
2019-10-09T19:00,上海,31.2304,121.4737,18.5,78,0.0,0.0,2,8.0
2019-10-09T20:00,上海,31.2304,121.4737,18.9,78,0.0,0.0,2,7.3
2019-10-09T21:00,上海,31.2304,121.4737,18.6,79,0.0,0.0,3,6.7
2019-10-09T22:00,上海,31.2304,121.4737,18.5,80,0.0,0.0,3,6.2
2019-10-09T23:00,上海,31.2304,121.4737,18.1,82,0.0,0.0,0,6.8
2019-10-10T00:00,上海,31.2304,121.4737,17.7,83,0.0,0.0,1,7.7
2019-10-10T01:00,上海,31.2304,121.4737,17.2,85,0.0,0.0,1,7.1
2019-10-10T02:00,上海,31.2304,121.4737,17.0,86,0.0,0.0,0,7.2
2019-10-10T03:00,上海,31.2304,121.4737,16.9,87,0.0,0.0,0,7.3
2019-10-10T04:00,上海,31.2304,121.4737,16.8,87,0.0,0.0,0,7.5
2019-10-10T05:00,上海,31.2304,121.4737,16.6,88,0.0,0.0,0,7.4
2019-10-10T06:00,上海,31.2304,121.4737,16.6,88,0.0,0.0,0,7.9
2019-10-10T07:00,上海,31.2304,121.4737,18.5,82,0.0,0.0,0,6.5
2019-10-10T08:00,上海,31.2304,121.4737,21.5,74,0.0,0.0,0,8.4
2019-10-10T09:00,上海,31.2304,121.4737,23.2,68,0.0,0.0,0,11.8
2019-10-10T10:00,上海,31.2304,121.4737,24.4,66,0.0,0.0,0,11.7
2019-10-10T11:00,上海,31.2304,121.4737,25.1,65,0.0,0.0,0,12.0
2019-10-10T12:00,上海,31.2304,121.4737,25.6,65,0.0,0.0,0,11.9
2019-10-10T13:00,上海,31.2304,121.4737,26.1,64,0.0,0.0,0,10.4
2019-10-10T14:00,上海,31.2304,121.4737,26.2,64,0.0,0.0,0,9.8
2019-10-10T15:00,上海,31.2304,121.4737,26.2,65,0.0,0.0,1,10.5
2019-10-10T16:00,上海,31.2304,121.4737,25.5,68,0.0,0.0,0,11.3
2019-10-10T17:00,上海,31.2304,121.4737,23.7,77,0.0,0.0,0,10.1
2019-10-10T18:00,上海,31.2304,121.4737,21.9,81,0.0,0.0,0,11.1
2019-10-10T19:00,上海,31.2304,121.4737,20.9,82,0.0,0.0,0,10.4
2019-10-10T20:00,上海,31.2304,121.4737,20.8,81,0.0,0.0,0,10.0
2019-10-10T21:00,上海,31.2304,121.4737,20.5,82,0.0,0.0,0,9.6
2019-10-10T22:00,上海,31.2304,121.4737,20.2,84,0.0,0.0,0,9.4
2019-10-10T23:00,上海,31.2304,121.4737,20.0,86,0.0,0.0,0,8.7
2019-10-11T00:00,上海,31.2304,121.4737,19.8,89,0.0,0.0,0,7.6
2019-10-11T01:00,上海,31.2304,121.4737,19.5,91,0.0,0.0,0,6.9
2019-10-11T02:00,上海,31.2304,121.4737,19.1,94,0.0,0.0,1,5.4
2019-10-11T03:00,上海,31.2304,121.4737,19.0,95,0.0,0.0,1,5.0
2019-10-11T04:00,上海,31.2304,121.4737,18.6,96,0.0,0.0,0,4.4
2019-10-11T05:00,上海,31.2304,121.4737,18.5,97,0.0,0.0,0,4.7
2019-10-11T06:00,上海,31.2304,121.4737,18.4,98,0.0,0.0,0,4.0
2019-10-11T07:00,上海,31.2304,121.4737,19.7,94,0.0,0.0,0,1.5
2019-10-11T08:00,上海,31.2304,121.4737,22.6,83,0.0,0.0,1,2.3
2019-10-11T09:00,上海,31.2304,121.4737,24.4,75,0.0,0.0,1,2.5
2019-10-11T10:00,上海,31.2304,121.4737,25.6,70,0.0,0.0,3,3.3
2019-10-11T11:00,上海,31.2304,121.4737,25.8,71,0.0,0.0,3,7.2
2019-10-11T12:00,上海,31.2304,121.4737,25.6,73,0.0,0.0,3,10.8
2019-10-11T13:00,上海,31.2304,121.4737,25.0,75,0.0,0.0,3,15.2
2019-10-11T14:00,上海,31.2304,121.4737,25.4,73,0.0,0.0,3,13.6
2019-10-11T15:00,上海,31.2304,121.4737,24.8,77,0.1,0.1,51,15.3
2019-10-11T16:00,上海,31.2304,121.4737,23.1,87,0.2,0.2,51,18.4
2019-10-11T17:00,上海,31.2304,121.4737,22.5,89,0.1,0.1,51,13.5
2019-10-11T18:00,上海,31.2304,121.4737,22.0,90,0.0,0.0,3,8.9
2019-10-11T19:00,上海,31.2304,121.4737,21.6,91,0.0,0.0,1,6.7
2019-10-11T20:00,上海,31.2304,121.4737,20.8,93,0.0,0.0,0,5.9
2019-10-11T21:00,上海,31.2304,121.4737,20.5,93,0.0,0.0,3,4.0
2019-10-11T22:00,上海,31.2304,121.4737,20.5,93,0.0,0.0,3,5.0
2019-10-11T23:00,上海,31.2304,121.4737,20.8,93,0.0,0.0,1,4.7
2019-10-12T00:00,上海,31.2304,121.4737,20.1,95,0.0,0.0,0,5.4
2019-10-12T01:00,上海,31.2304,121.4737,19.6,96,0.0,0.0,1,6.3
2019-10-12T02:00,上海,31.2304,121.4737,19.6,95,0.0,0.0,1,7.4
2019-10-12T03:00,上海,31.2304,121.4737,19.7,94,0.0,0.0,3,8.2
2019-10-12T04:00,上海,31.2304,121.4737,19.9,91,0.0,0.0,3,9.1
2019-10-12T05:00,上海,31.2304,121.4737,20.0,89,0.0,0.0,3,9.0
2019-10-12T06:00,上海,31.2304,121.4737,20.0,89,0.0,0.0,3,7.9
2019-10-12T07:00,上海,31.2304,121.4737,20.5,87,0.0,0.0,3,8.3
2019-10-12T08:00,上海,31.2304,121.4737,22.0,77,0.0,0.0,2,11.0
2019-10-12T09:00,上海,31.2304,121.4737,23.0,69,0.0,0.0,0,13.6
2019-10-12T10:00,上海,31.2304,121.4737,23.5,67,0.0,0.0,1,14.4
2019-10-12T11:00,上海,31.2304,121.4737,24.2,64,0.0,0.0,1,17.0
2019-10-12T12:00,上海,31.2304,121.4737,24.6,61,0.0,0.0,3,18.8
2019-10-12T13:00,上海,31.2304,121.4737,24.5,61,0.0,0.0,3,18.0
2019-10-12T14:00,上海,31.2304,121.4737,24.5,61,0.0,0.0,1,18.4
2019-10-12T15:00,上海,31.2304,121.4737,24.0,61,0.0,0.0,2,19.1
2019-10-12T16:00,上海,31.2304,121.4737,23.1,65,0.0,0.0,0,18.5
2019-10-12T17:00,上海,31.2304,121.4737,22.0,72,0.0,0.0,0,13.7
2019-10-12T18:00,上海,31.2304,121.4737,21.0,78,0.0,0.0,1,12.8
2019-10-12T19:00,上海,31.2304,121.4737,20.8,82,0.0,0.0,1,11.6
2019-10-12T20:00,上海,31.2304,121.4737,20.7,86,0.0,0.0,0,10.1
2019-10-12T21:00,上海,31.2304,121.4737,20.2,90,0.0,0.0,0,9.5
2019-10-12T22:00,上海,31.2304,121.4737,19.9,91,0.0,0.0,0,10.0
2019-10-12T23:00,上海,31.2304,121.4737,19.6,92,0.0,0.0,1,9.4
2019-10-13T00:00,上海,31.2304,121.4737,19.5,91,0.0,0.0,1,9.7
2019-10-13T01:00,上海,31.2304,121.4737,19.4,91,0.0,0.0,1,9.7
2019-10-13T02:00,上海,31.2304,121.4737,19.3,90,0.0,0.0,0,10.5
2019-10-13T03:00,上海,31.2304,121.4737,19.0,90,0.0,0.0,0,10.4
2019-10-13T04:00,上海,31.2304,121.4737,18.9,91,0.0,0.0,0,9.7
2019-10-13T05:00,上海,31.2304,121.4737,18.6,92,0.0,0.0,1,9.3
2019-10-13T06:00,上海,31.2304,121.4737,18.6,92,0.0,0.0,1,8.8
2019-10-13T07:00,上海,31.2304,121.4737,20.0,88,0.0,0.0,1,8.0
2019-10-13T08:00,上海,31.2304,121.4737,21.7,79,0.0,0.0,1,10.5
2019-10-13T09:00,上海,31.2304,121.4737,22.4,73,0.1,0.1,51,10.7
2019-10-13T10:00,上海,31.2304,121.4737,23.4,68,0.0,0.0,3,10.5
2019-10-13T11:00,上海,31.2304,121.4737,23.7,66,0.2,0.2,51,10.0
2019-10-13T12:00,上海,31.2304,121.4737,23.6,67,0.2,0.2,51,10.3
2019-10-13T13:00,上海,31.2304,121.4737,23.5,68,0.1,0.1,51,8.7
2019-10-13T14:00,上海,31.2304,121.4737,23.3,68,0.0,0.0,3,7.2
2019-10-13T15:00,上海,31.2304,121.4737,23.0,70,0.0,0.0,3,8.6
2019-10-13T16:00,上海,31.2304,121.4737,22.8,72,0.0,0.0,3,8.2
2019-10-13T17:00,上海,31.2304,121.4737,21.9,78,0.0,0.0,3,7.5
2019-10-13T18:00,上海,31.2304,121.4737,20.9,84,0.0,0.0,3,7.2
2019-10-13T19:00,上海,31.2304,121.4737,20.5,85,0.0,0.0,3,6.6
2019-10-13T20:00,上海,31.2304,121.4737,20.4,89,0.0,0.0,3,5.1
2019-10-13T21:00,上海,31.2304,121.4737,20.2,91,0.1,0.1,51,8.0
2019-10-13T22:00,上海,31.2304,121.4737,20.0,90,0.2,0.2,51,5.4
2019-10-13T23:00,上海,31.2304,121.4737,20.0,91,0.1,0.1,51,4.6
2019-10-14T00:00,上海,31.2304,121.4737,19.8,92,0.0,0.0,2,5.1
2019-10-14T01:00,上海,31.2304,121.4737,19.5,93,0.0,0.0,3,4.5
2019-10-14T02:00,上海,31.2304,121.4737,19.7,93,0.0,0.0,3,5.8
2019-10-14T03:00,上海,31.2304,121.4737,19.7,93,0.0,0.0,3,6.8
2019-10-14T04:00,上海,31.2304,121.4737,19.8,92,0.0,0.0,3,7.6
2019-10-14T05:00,上海,31.2304,121.4737,19.6,91,0.0,0.0,3,7.6
2019-10-14T06:00,上海,31.2304,121.4737,19.6,90,0.0,0.0,1,8.1
2019-10-14T07:00,上海,31.2304,121.4737,20.5,87,0.0,0.0,1,8.2
2019-10-14T08:00,上海,31.2304,121.4737,21.5,85,0.0,0.0,1,9.4
2019-10-14T09:00,上海,31.2304,121.4737,22.3,75,0.0,0.0,1,11.8
2019-10-14T10:00,上海,31.2304,121.4737,22.9,67,0.1,0.1,51,13.6
2019-10-14T11:00,上海,31.2304,121.4737,23.0,65,0.0,0.0,1,15.5
2019-10-14T12:00,上海,31.2304,121.4737,23.0,65,0.0,0.0,2,17.7
2019-10-14T13:00,上海,31.2304,121.4737,21.6,73,0.3,0.3,51,20.5
2019-10-14T14:00,上海,31.2304,121.4737,20.9,75,0.2,0.2,51,23.2
2019-10-14T15:00,上海,31.2304,121.4737,20.7,80,0.1,0.1,51,22.0
2019-10-14T16:00,上海,31.2304,121.4737,20.3,74,0.1,0.1,51,24.4
2019-10-14T17:00,上海,31.2304,121.4737,19.2,81,0.1,0.1,51,24.2
2019-10-14T18:00,上海,31.2304,121.4737,18.5,83,0.1,0.1,51,25.9
2019-10-14T19:00,上海,31.2304,121.4737,18.1,83,0.1,0.1,51,25.0
2019-10-14T20:00,上海,31.2304,121.4737,18.0,80,0.0,0.0,1,21.6
2019-10-14T21:00,上海,31.2304,121.4737,17.8,81,0.0,0.0,1,21.3
2019-10-14T22:00,上海,31.2304,121.4737,17.5,80,0.0,0.0,1,20.4
2019-10-14T23:00,上海,31.2304,121.4737,17.1,77,0.0,0.0,1,20.9
2019-10-15T00:00,上海,31.2304,121.4737,16.8,77,0.0,0.0,1,21.5
2019-10-15T01:00,上海,31.2304,121.4737,16.4,76,0.0,0.0,1,20.7
2019-10-15T02:00,上海,31.2304,121.4737,16.1,72,0.0,0.0,0,20.9
2019-10-15T03:00,上海,31.2304,121.4737,15.9,71,0.0,0.0,0,21.5
2019-10-15T04:00,上海,31.2304,121.4737,15.5,70,0.0,0.0,2,20.0
2019-10-15T05:00,上海,31.2304,121.4737,15.2,68,0.0,0.0,1,19.5
2019-10-15T06:00,上海,31.2304,121.4737,14.9,69,0.0,0.0,0,19.1
2019-10-15T07:00,上海,31.2304,121.4737,15.6,67,0.0,0.0,0,18.4
2019-10-15T08:00,上海,31.2304,121.4737,16.7,64,0.0,0.0,2,19.1
2019-10-15T09:00,上海,31.2304,121.4737,17.5,56,0.0,0.0,3,21.8
2019-10-15T10:00,上海,31.2304,121.4737,17.8,57,0.0,0.0,3,23.5
2019-10-15T11:00,上海,31.2304,121.4737,18.0,54,0.0,0.0,3,19.6
2019-10-15T12:00,上海,31.2304,121.4737,18.4,53,0.0,0.0,3,20.8
2019-10-15T13:00,上海,31.2304,121.4737,18.5,54,0.0,0.0,3,20.8
2019-10-15T14:00,上海,31.2304,121.4737,18.5,53,0.0,0.0,3,19.7
2019-10-15T15:00,上海,31.2304,121.4737,18.0,54,0.0,0.0,3,20.8
2019-10-15T16:00,上海,31.2304,121.4737,17.3,56,0.0,0.0,3,18.4
2019-10-15T17:00,上海,31.2304,121.4737,16.3,62,0.0,0.0,2,15.8
2019-10-15T18:00,上海,31.2304,121.4737,15.6,66,0.0,0.0,3,15.3
2019-10-15T19:00,上海,31.2304,121.4737,15.2,67,0.0,0.0,3,14.2
2019-10-15T20:00,上海,31.2304,121.4737,14.6,69,0.0,0.0,3,10.8
2019-10-15T21:00,上海,31.2304,121.4737,14.7,70,0.0,0.0,2,11.2
2019-10-15T22:00,上海,31.2304,121.4737,14.6,71,0.0,0.0,2,11.3
2019-10-15T23:00,上海,31.2304,121.4737,14.5,73,0.0,0.0,3,10.7
2019-10-16T00:00,上海,31.2304,121.4737,14.6,73,0.0,0.0,3,9.8
2019-10-16T01:00,上海,31.2304,121.4737,14.6,74,0.0,0.0,3,10.2
2019-10-16T02:00,上海,31.2304,121.4737,14.8,74,0.0,0.0,3,10.4
2019-10-16T03:00,上海,31.2304,121.4737,15.0,74,0.0,0.0,3,10.8
2019-10-16T04:00,上海,31.2304,121.4737,15.1,73,0.0,0.0,3,11.7
2019-10-16T05:00,上海,31.2304,121.4737,15.1,74,0.0,0.0,3,11.5
2019-10-16T06:00,上海,31.2304,121.4737,14.9,77,0.0,0.0,3,10.8
2019-10-16T07:00,上海,31.2304,121.4737,15.8,75,0.0,0.0,2,11.6
2019-10-16T08:00,上海,31.2304,121.4737,17.2,65,0.0,0.0,2,14.9
2019-10-16T09:00,上海,31.2304,121.4737,18.5,59,0.0,0.0,0,14.1
2019-10-16T10:00,上海,31.2304,121.4737,19.5,59,0.0,0.0,0,11.3
2019-10-16T11:00,上海,31.2304,121.4737,20.1,59,0.0,0.0,0,11.2
2019-10-16T12:00,上海,31.2304,121.4737,20.6,58,0.0,0.0,3,10.1
2019-10-16T13:00,上海,31.2304,121.4737,20.9,58,0.0,0.0,3,7.3
2019-10-16T14:00,上海,31.2304,121.4737,20.7,62,0.0,0.0,3,11.1
2019-10-16T15:00,上海,31.2304,121.4737,20.6,65,0.0,0.0,3,12.4
2019-10-16T16:00,上海,31.2304,121.4737,20.4,65,0.0,0.0,3,10.6
2019-10-16T17:00,上海,31.2304,121.4737,19.5,72,0.0,0.0,3,8.9
2019-10-16T18:00,上海,31.2304,121.4737,18.8,75,0.0,0.0,3,11.9
2019-10-16T19:00,上海,31.2304,121.4737,18.2,77,0.0,0.0,3,12.9
2019-10-16T20:00,上海,31.2304,121.4737,17.9,76,0.0,0.0,3,11.9
2019-10-16T21:00,上海,31.2304,121.4737,17.8,78,0.0,0.0,3,11.4
2019-10-16T22:00,上海,31.2304,121.4737,17.5,79,0.0,0.0,3,11.6
2019-10-16T23:00,上海,31.2304,121.4737,17.4,81,0.0,0.0,3,8.7
2019-10-17T00:00,上海,31.2304,121.4737,17.1,83,0.0,0.0,3,9.0
2019-10-17T01:00,上海,31.2304,121.4737,17.1,83,0.0,0.0,3,8.8
2019-10-17T02:00,上海,31.2304,121.4737,16.9,82,0.0,0.0,3,11.7
2019-10-17T03:00,上海,31.2304,121.4737,16.9,82,0.0,0.0,3,13.1
2019-10-17T04:00,上海,31.2304,121.4737,17.0,82,0.0,0.0,2,13.0
2019-10-17T05:00,上海,31.2304,121.4737,16.8,84,0.0,0.0,2,12.3
2019-10-17T06:00,上海,31.2304,121.4737,16.5,85,0.0,0.0,3,10.5
2019-10-17T07:00,上海,31.2304,121.4737,17.1,84,0.0,0.0,0,8.7
2019-10-17T08:00,上海,31.2304,121.4737,18.7,79,0.0,0.0,0,12.3
2019-10-17T09:00,上海,31.2304,121.4737,19.8,74,0.0,0.0,1,14.4
2019-10-17T10:00,上海,31.2304,121.4737,20.3,71,0.0,0.0,1,14.8
2019-10-17T11:00,上海,31.2304,121.4737,20.9,68,0.0,0.0,1,13.7
2019-10-17T12:00,上海,31.2304,121.4737,21.1,66,0.0,0.0,1,13.8
2019-10-17T13:00,上海,31.2304,121.4737,21.0,63,0.0,0.0,3,15.5
2019-10-17T14:00,上海,31.2304,121.4737,20.8,60,0.0,0.0,1,15.5
2019-10-17T15:00,上海,31.2304,121.4737,20.8,58,0.0,0.0,0,15.3
2019-10-17T16:00,上海,31.2304,121.4737,20.2,58,0.0,0.0,0,14.0
2019-10-17T17:00,上海,31.2304,121.4737,18.8,68,0.0,0.0,0,8.9
2019-10-17T18:00,上海,31.2304,121.4737,17.5,75,0.0,0.0,0,10.1
2019-10-17T19:00,上海,31.2304,121.4737,17.0,78,0.0,0.0,0,9.6
2019-10-17T20:00,上海,31.2304,121.4737,17.4,80,0.0,0.0,3,7.6
2019-10-17T21:00,上海,31.2304,121.4737,17.0,81,0.0,0.0,2,7.6
2019-10-17T22:00,上海,31.2304,121.4737,16.2,83,0.0,0.0,2,7.9
2019-10-17T23:00,上海,31.2304,121.4737,15.6,88,0.0,0.0,3,8.7
2019-10-18T00:00,上海,31.2304,121.4737,15.8,91,0.0,0.0,3,9.1
2019-10-18T01:00,上海,31.2304,121.4737,16.4,88,0.0,0.0,3,9.6
2019-10-18T02:00,上海,31.2304,121.4737,16.5,86,0.0,0.0,3,10.5
2019-10-18T03:00,上海,31.2304,121.4737,16.3,87,0.0,0.0,3,10.6
2019-10-18T04:00,上海,31.2304,121.4737,16.1,87,0.0,0.0,3,11.4
2019-10-18T05:00,上海,31.2304,121.4737,16.2,86,0.0,0.0,3,11.7
2019-10-18T06:00,上海,31.2304,121.4737,16.0,85,0.0,0.0,3,11.6
2019-10-18T07:00,上海,31.2304,121.4737,16.6,80,0.0,0.0,3,11.6
2019-10-18T08:00,上海,31.2304,121.4737,18.5,74,0.0,0.0,1,12.6
2019-10-18T09:00,上海,31.2304,121.4737,19.9,66,0.0,0.0,1,16.2
2019-10-18T10:00,上海,31.2304,121.4737,20.5,61,0.0,0.0,3,17.8
2019-10-18T11:00,上海,31.2304,121.4737,20.8,58,0.0,0.0,3,17.7
2019-10-18T12:00,上海,31.2304,121.4737,21.2,54,0.0,0.0,3,16.7
2019-10-18T13:00,上海,31.2304,121.4737,21.5,54,0.0,0.0,3,18.1
2019-10-18T14:00,上海,31.2304,121.4737,21.2,52,0.0,0.0,3,16.6
2019-10-18T15:00,上海,31.2304,121.4737,20.7,61,0.0,0.0,3,19.8
2019-10-18T16:00,上海,31.2304,121.4737,20.2,65,0.0,0.0,3,17.0
2019-10-18T17:00,上海,31.2304,121.4737,19.2,69,0.0,0.0,1,14.1
2019-10-18T18:00,上海,31.2304,121.4737,18.0,71,0.0,0.0,0,15.5
2019-10-18T19:00,上海,31.2304,121.4737,16.8,77,0.0,0.0,0,11.7
2019-10-18T20:00,上海,31.2304,121.4737,16.0,83,0.0,0.0,0,9.0
2019-10-18T21:00,上海,31.2304,121.4737,15.7,85,0.0,0.0,0,8.8
2019-10-18T22:00,上海,31.2304,121.4737,15.1,88,0.0,0.0,0,7.9
2019-10-18T23:00,上海,31.2304,121.4737,14.8,89,0.0,0.0,0,8.9
2019-10-19T00:00,上海,31.2304,121.4737,14.4,90,0.0,0.0,0,9.0
2019-10-19T01:00,上海,31.2304,121.4737,14.2,90,0.0,0.0,0,9.2
2019-10-19T02:00,上海,31.2304,121.4737,14.0,91,0.0,0.0,0,8.9
2019-10-19T03:00,上海,31.2304,121.4737,13.8,92,0.0,0.0,0,9.0
2019-10-19T04:00,上海,31.2304,121.4737,13.9,92,0.0,0.0,0,10.0
2019-10-19T05:00,上海,31.2304,121.4737,13.9,91,0.0,0.0,0,10.2
2019-10-19T06:00,上海,31.2304,121.4737,13.9,92,0.0,0.0,0,10.2
2019-10-19T07:00,上海,31.2304,121.4737,15.8,87,0.0,0.0,0,9.8
2019-10-19T08:00,上海,31.2304,121.4737,17.9,82,0.0,0.0,0,10.3
2019-10-19T09:00,上海,31.2304,121.4737,19.6,73,0.0,0.0,0,13.6
2019-10-19T10:00,上海,31.2304,121.4737,20.6,68,0.0,0.0,0,14.8
2019-10-19T11:00,上海,31.2304,121.4737,21.0,65,0.0,0.0,1,14.0
2019-10-19T12:00,上海,31.2304,121.4737,21.5,62,0.0,0.0,1,14.0
2019-10-19T13:00,上海,31.2304,121.4737,21.9,59,0.0,0.0,1,14.4
2019-10-19T14:00,上海,31.2304,121.4737,22.0,56,0.0,0.0,2,13.4
2019-10-19T15:00,上海,31.2304,121.4737,21.6,56,0.0,0.0,1,13.7
2019-10-19T16:00,上海,31.2304,121.4737,20.9,60,0.0,0.0,2,13.3
2019-10-19T17:00,上海,31.2304,121.4737,19.5,71,0.0,0.0,1,9.4
2019-10-19T18:00,上海,31.2304,121.4737,17.7,79,0.0,0.0,0,9.3
2019-10-19T19:00,上海,31.2304,121.4737,16.7,83,0.0,0.0,0,9.3
2019-10-19T20:00,上海,31.2304,121.4737,16.2,85,0.0,0.0,0,9.2
2019-10-19T21:00,上海,31.2304,121.4737,15.9,88,0.0,0.0,0,8.2
2019-10-19T22:00,上海,31.2304,121.4737,15.4,90,0.0,0.0,0,8.4
2019-10-19T23:00,上海,31.2304,121.4737,14.9,90,0.0,0.0,0,8.7
2019-10-20T00:00,上海,31.2304,121.4737,14.4,91,0.0,0.0,0,8.1
2019-10-20T01:00,上海,31.2304,121.4737,13.9,90,0.0,0.0,0,8.0
2019-10-20T02:00,上海,31.2304,121.4737,13.6,91,0.0,0.0,0,7.5
2019-10-20T03:00,上海,31.2304,121.4737,13.5,91,0.0,0.0,0,7.2
2019-10-20T04:00,上海,31.2304,121.4737,13.8,91,0.0,0.0,0,8.4
2019-10-20T05:00,上海,31.2304,121.4737,13.7,92,0.0,0.0,0,8.4
2019-10-20T06:00,上海,31.2304,121.4737,13.2,93,0.0,0.0,0,8.3
2019-10-20T07:00,上海,31.2304,121.4737,15.8,88,0.0,0.0,0,6.8
2019-10-20T08:00,上海,31.2304,121.4737,18.6,80,0.0,0.0,1,5.2
2019-10-20T09:00,上海,31.2304,121.4737,20.2,64,0.0,0.0,1,8.2
2019-10-20T10:00,上海,31.2304,121.4737,21.1,58,0.0,0.0,0,11.3
2019-10-20T11:00,上海,31.2304,121.4737,21.5,56,0.0,0.0,1,10.5
2019-10-20T12:00,上海,31.2304,121.4737,22.0,54,0.0,0.0,1,10.5
2019-10-20T13:00,上海,31.2304,121.4737,22.1,55,0.0,0.0,1,11.3
2019-10-20T14:00,上海,31.2304,121.4737,22.0,56,0.0,0.0,0,11.6
2019-10-20T15:00,上海,31.2304,121.4737,21.5,56,0.0,0.0,0,12.0
2019-10-20T16:00,上海,31.2304,121.4737,20.8,58,0.0,0.0,0,11.6
2019-10-20T17:00,上海,31.2304,121.4737,18.8,74,0.0,0.0,0,9.1
2019-10-20T18:00,上海,31.2304,121.4737,17.0,81,0.0,0.0,0,9.0
2019-10-20T19:00,上海,31.2304,121.4737,16.4,82,0.0,0.0,0,10.1
2019-10-20T20:00,上海,31.2304,121.4737,15.5,87,0.0,0.0,0,8.1
2019-10-20T21:00,上海,31.2304,121.4737,15.6,86,0.0,0.0,0,7.5
2019-10-20T22:00,上海,31.2304,121.4737,15.1,88,0.0,0.0,0,8.2
2019-10-20T23:00,上海,31.2304,121.4737,14.5,90,0.0,0.0,0,7.1
2019-10-21T00:00,上海,31.2304,121.4737,14.2,91,0.0,0.0,0,7.1
2019-10-21T01:00,上海,31.2304,121.4737,13.8,92,0.0,0.0,0,7.9
2019-10-21T02:00,上海,31.2304,121.4737,13.8,92,0.0,0.0,0,9.0
2019-10-21T03:00,上海,31.2304,121.4737,13.6,93,0.0,0.0,0,8.9
2019-10-21T04:00,上海,31.2304,121.4737,13.5,94,0.0,0.0,0,8.6
2019-10-21T05:00,上海,31.2304,121.4737,13.5,93,0.0,0.0,1,8.4
2019-10-21T06:00,上海,31.2304,121.4737,13.5,92,0.0,0.0,1,7.6
2019-10-21T07:00,上海,31.2304,121.4737,16.3,85,0.0,0.0,2,6.6
2019-10-21T08:00,上海,31.2304,121.4737,18.6,77,0.0,0.0,3,8.1
2019-10-21T09:00,上海,31.2304,121.4737,19.6,67,0.0,0.0,3,11.8
2019-10-21T10:00,上海,31.2304,121.4737,20.0,66,0.0,0.0,3,11.2
2019-10-21T11:00,上海,31.2304,121.4737,20.8,63,0.0,0.0,2,10.3
2019-10-21T12:00,上海,31.2304,121.4737,21.0,61,0.0,0.0,2,10.7
2019-10-21T13:00,上海,31.2304,121.4737,21.3,61,0.0,0.0,2,10.8
2019-10-21T14:00,上海,31.2304,121.4737,21.4,59,0.0,0.0,2,10.8
2019-10-21T15:00,上海,31.2304,121.4737,21.4,59,0.0,0.0,2,12.2
2019-10-21T16:00,上海,31.2304,121.4737,20.5,64,0.0,0.0,1,13.2
2019-10-21T17:00,上海,31.2304,121.4737,18.8,74,0.0,0.0,0,11.5
2019-10-21T18:00,上海,31.2304,121.4737,17.1,81,0.0,0.0,0,10.5
2019-10-21T19:00,上海,31.2304,121.4737,16.5,84,0.0,0.0,0,10.5
2019-10-21T20:00,上海,31.2304,121.4737,16.7,83,0.0,0.0,1,8.7
2019-10-21T21:00,上海,31.2304,121.4737,15.6,88,0.0,0.0,0,7.6
2019-10-21T22:00,上海,31.2304,121.4737,15.6,89,0.0,0.0,1,7.9
2019-10-21T23:00,上海,31.2304,121.4737,16.0,87,0.0,0.0,2,8.3
2019-10-22T00:00,上海,31.2304,121.4737,16.3,84,0.0,0.0,3,7.8
2019-10-22T01:00,上海,31.2304,121.4737,16.0,85,0.0,0.0,3,6.6
2019-10-22T02:00,上海,31.2304,121.4737,15.8,85,0.0,0.0,3,7.8
2019-10-22T03:00,上海,31.2304,121.4737,15.8,84,0.0,0.0,3,7.9
2019-10-22T04:00,上海,31.2304,121.4737,15.1,85,0.0,0.0,3,7.6
2019-10-22T05:00,上海,31.2304,121.4737,15.0,85,0.0,0.0,3,8.1
2019-10-22T06:00,上海,31.2304,121.4737,15.6,85,0.0,0.0,3,8.7
2019-10-22T07:00,上海,31.2304,121.4737,17.4,80,0.0,0.0,3,7.3
2019-10-22T08:00,上海,31.2304,121.4737,18.9,80,0.0,0.0,3,7.6
2019-10-22T09:00,上海,31.2304,121.4737,20.3,61,0.0,0.0,3,12.0
2019-10-22T10:00,上海,31.2304,121.4737,21.0,58,0.0,0.0,3,12.9
2019-10-22T11:00,上海,31.2304,121.4737,21.4,57,0.0,0.0,3,13.7
2019-10-22T12:00,上海,31.2304,121.4737,21.0,58,0.0,0.0,3,12.4
2019-10-22T13:00,上海,31.2304,121.4737,21.2,57,0.0,0.0,3,9.7
2019-10-22T14:00,上海,31.2304,121.4737,21.4,55,0.0,0.0,3,11.6
2019-10-22T15:00,上海,31.2304,121.4737,21.0,56,0.0,0.0,3,10.0
2019-10-22T16:00,上海,31.2304,121.4737,20.5,63,0.0,0.0,3,5.5
2019-10-22T17:00,上海,31.2304,121.4737,19.1,73,0.0,0.0,3,9.3
2019-10-22T18:00,上海,31.2304,121.4737,18.5,76,0.0,0.0,3,9.9
2019-10-22T19:00,上海,31.2304,121.4737,18.1,77,0.0,0.0,3,9.7
2019-10-22T20:00,上海,31.2304,121.4737,18.0,78,0.0,0.0,3,10.5
2019-10-22T21:00,上海,31.2304,121.4737,17.5,81,0.0,0.0,2,10.4
2019-10-22T22:00,上海,31.2304,121.4737,16.9,85,0.0,0.0,0,9.9
2019-10-22T23:00,上海,31.2304,121.4737,16.5,87,0.0,0.0,3,9.5
2019-10-23T00:00,上海,31.2304,121.4737,16.6,87,0.0,0.0,3,9.2
2019-10-23T01:00,上海,31.2304,121.4737,16.8,87,0.0,0.0,3,7.4
2019-10-23T02:00,上海,31.2304,121.4737,16.7,88,0.0,0.0,3,8.0
2019-10-23T03:00,上海,31.2304,121.4737,16.5,89,0.0,0.0,3,7.9
2019-10-23T04:00,上海,31.2304,121.4737,16.6,90,0.0,0.0,3,8.9
2019-10-23T05:00,上海,31.2304,121.4737,16.7,90,0.0,0.0,3,9.1
2019-10-23T06:00,上海,31.2304,121.4737,16.8,90,0.0,0.0,3,9.0
2019-10-23T07:00,上海,31.2304,121.4737,17.4,88,0.0,0.0,3,7.4
2019-10-23T08:00,上海,31.2304,121.4737,18.4,86,0.0,0.0,3,7.6
2019-10-23T09:00,上海,31.2304,121.4737,19.8,79,0.0,0.0,3,10.6
2019-10-23T10:00,上海,31.2304,121.4737,20.6,73,0.2,0.2,51,14.4
2019-10-23T11:00,上海,31.2304,121.4737,21.9,64,0.0,0.0,2,14.5
2019-10-23T12:00,上海,31.2304,121.4737,22.5,60,0.0,0.0,1,15.5
2019-10-23T13:00,上海,31.2304,121.4737,23.0,57,0.0,0.0,1,17.4
2019-10-23T14:00,上海,31.2304,121.4737,22.9,56,0.0,0.0,1,16.8
2019-10-23T15:00,上海,31.2304,121.4737,22.5,57,0.0,0.0,1,17.5
2019-10-23T16:00,上海,31.2304,121.4737,21.5,64,0.0,0.0,2,15.6
2019-10-23T17:00,上海,31.2304,121.4737,20.1,72,0.0,0.0,1,13.8
2019-10-23T18:00,上海,31.2304,121.4737,19.1,76,0.0,0.0,0,14.2
2019-10-23T19:00,上海,31.2304,121.4737,18.4,81,0.0,0.0,0,12.6
2019-10-23T20:00,上海,31.2304,121.4737,17.4,87,0.0,0.0,1,9.8
2019-10-23T21:00,上海,31.2304,121.4737,17.6,88,0.0,0.0,2,8.3
2019-10-23T22:00,上海,31.2304,121.4737,17.1,90,0.0,0.0,1,8.4
2019-10-23T23:00,上海,31.2304,121.4737,16.5,92,0.0,0.0,1,8.4
2019-10-24T00:00,上海,31.2304,121.4737,16.4,93,0.0,0.0,2,8.7
2019-10-24T01:00,上海,31.2304,121.4737,16.6,92,0.0,0.0,2,10.2
2019-10-24T02:00,上海,31.2304,121.4737,16.4,94,0.0,0.0,0,9.7
2019-10-24T03:00,上海,31.2304,121.4737,16.1,95,0.0,0.0,0,10.1
2019-10-24T04:00,上海,31.2304,121.4737,16.0,95,0.0,0.0,0,9.9
2019-10-24T05:00,上海,31.2304,121.4737,15.9,94,0.0,0.0,0,10.2
2019-10-24T06:00,上海,31.2304,121.4737,15.8,94,0.0,0.0,0,10.6
2019-10-24T07:00,上海,31.2304,121.4737,16.8,91,0.0,0.0,0,10.5
2019-10-24T08:00,上海,31.2304,121.4737,18.8,82,0.0,0.0,0,11.0
2019-10-24T09:00,上海,31.2304,121.4737,20.5,72,0.0,0.0,0,14.6
2019-10-24T10:00,上海,31.2304,121.4737,21.4,66,0.0,0.0,0,14.4
2019-10-24T11:00,上海,31.2304,121.4737,22.0,63,0.0,0.0,1,14.1
2019-10-24T12:00,上海,31.2304,121.4737,22.5,60,0.0,0.0,1,15.3
2019-10-24T13:00,上海,31.2304,121.4737,23.0,56,0.0,0.0,1,16.1
2019-10-24T14:00,上海,31.2304,121.4737,23.1,53,0.0,0.0,1,15.5
2019-10-24T15:00,上海,31.2304,121.4737,23.0,52,0.0,0.0,2,17.6
2019-10-24T16:00,上海,31.2304,121.4737,21.9,60,0.0,0.0,0,15.9
2019-10-24T17:00,上海,31.2304,121.4737,20.1,70,0.0,0.0,0,13.1
2019-10-24T18:00,上海,31.2304,121.4737,18.6,78,0.0,0.0,0,13.0
2019-10-24T19:00,上海,31.2304,121.4737,18.1,81,0.0,0.0,0,12.6
2019-10-24T20:00,上海,31.2304,121.4737,17.2,86,0.0,0.0,3,9.4
2019-10-24T21:00,上海,31.2304,121.4737,17.1,88,0.0,0.0,3,8.7
2019-10-24T22:00,上海,31.2304,121.4737,16.9,90,0.0,0.0,2,9.1
2019-10-24T23:00,上海,31.2304,121.4737,16.5,91,0.0,0.0,3,9.7
2019-10-25T00:00,上海,31.2304,121.4737,15.2,95,0.0,0.0,1,6.9
2019-10-25T01:00,上海,31.2304,121.4737,14.9,96,0.0,0.0,1,7.4
2019-10-25T02:00,上海,31.2304,121.4737,14.5,98,0.0,0.0,2,7.3
2019-10-25T03:00,上海,31.2304,121.4737,14.8,98,0.0,0.0,3,9.2
2019-10-25T04:00,上海,31.2304,121.4737,14.9,99,0.0,0.0,3,9.2
2019-10-25T05:00,上海,31.2304,121.4737,14.6,99,0.0,0.0,2,8.4
2019-10-25T06:00,上海,31.2304,121.4737,14.3,100,0.0,0.0,3,8.7
2019-10-25T07:00,上海,31.2304,121.4737,15.8,98,0.0,0.0,1,5.5
2019-10-25T08:00,上海,31.2304,121.4737,17.6,91,0.0,0.0,0,5.1
2019-10-25T09:00,上海,31.2304,121.4737,19.2,84,0.0,0.0,2,6.3
2019-10-25T10:00,上海,31.2304,121.4737,21.0,64,0.0,0.0,3,7.9
2019-10-25T11:00,上海,31.2304,121.4737,21.5,55,0.0,0.0,3,9.4
2019-10-25T12:00,上海,31.2304,121.4737,21.8,51,0.0,0.0,3,10.8
2019-10-25T13:00,上海,31.2304,121.4737,21.9,53,0.0,0.0,3,13.0
2019-10-25T14:00,上海,31.2304,121.4737,21.9,58,0.0,0.0,3,15.2
2019-10-25T15:00,上海,31.2304,121.4737,22.0,58,0.0,0.0,3,14.9
2019-10-25T16:00,上海,31.2304,121.4737,21.9,59,0.0,0.0,3,12.6
2019-10-25T17:00,上海,31.2304,121.4737,20.1,72,0.0,0.0,3,7.9
2019-10-25T18:00,上海,31.2304,121.4737,19.5,74,0.1,0.1,51,14.2
2019-10-25T19:00,上海,31.2304,121.4737,18.5,83,0.1,0.1,51,14.4
2019-10-25T20:00,上海,31.2304,121.4737,18.5,86,0.2,0.2,51,11.9
2019-10-25T21:00,上海,31.2304,121.4737,18.2,87,0.1,0.1,51,13.1
2019-10-25T22:00,上海,31.2304,121.4737,17.9,88,0.0,0.0,3,13.0
2019-10-25T23:00,上海,31.2304,121.4737,17.4,89,0.0,0.0,3,14.1
2019-10-26T00:00,上海,31.2304,121.4737,17.1,89,0.0,0.0,3,13.8
2019-10-26T01:00,上海,31.2304,121.4737,17.0,86,0.0,0.0,3,13.7
2019-10-26T02:00,上海,31.2304,121.4737,16.9,85,0.0,0.0,3,15.1
2019-10-26T03:00,上海,31.2304,121.4737,16.6,87,0.0,0.0,3,15.2
2019-10-26T04:00,上海,31.2304,121.4737,16.2,88,0.0,0.0,2,14.6
2019-10-26T05:00,上海,31.2304,121.4737,16.0,88,0.0,0.0,3,13.8
2019-10-26T06:00,上海,31.2304,121.4737,16.0,87,0.0,0.0,3,13.3
2019-10-26T07:00,上海,31.2304,121.4737,16.6,83,0.0,0.0,3,11.9
2019-10-26T08:00,上海,31.2304,121.4737,18.0,71,0.0,0.0,3,14.5
2019-10-26T09:00,上海,31.2304,121.4737,18.6,64,0.0,0.0,3,17.0
2019-10-26T10:00,上海,31.2304,121.4737,19.0,61,0.0,0.0,3,17.7
2019-10-26T11:00,上海,31.2304,121.4737,19.7,58,0.0,0.0,3,15.9
2019-10-26T12:00,上海,31.2304,121.4737,19.3,59,0.0,0.0,3,18.8
2019-10-26T13:00,上海,31.2304,121.4737,18.8,61,0.0,0.0,3,16.6
2019-10-26T14:00,上海,31.2304,121.4737,18.8,61,0.0,0.0,3,14.4
2019-10-26T15:00,上海,31.2304,121.4737,18.6,59,0.0,0.0,3,13.8
2019-10-26T16:00,上海,31.2304,121.4737,17.8,61,0.0,0.0,3,14.2
2019-10-26T17:00,上海,31.2304,121.4737,16.5,66,0.0,0.0,3,15.0
2019-10-26T18:00,上海,31.2304,121.4737,15.8,69,0.0,0.0,3,11.2
2019-10-26T19:00,上海,31.2304,121.4737,15.2,71,0.0,0.0,3,10.8
2019-10-26T20:00,上海,31.2304,121.4737,14.8,74,0.0,0.0,3,8.6
2019-10-26T21:00,上海,31.2304,121.4737,14.4,77,0.0,0.0,3,7.8
2019-10-26T22:00,上海,31.2304,121.4737,14.4,77,0.0,0.0,3,7.1
2019-10-26T23:00,上海,31.2304,121.4737,13.9,80,0.0,0.0,3,7.2
2019-10-27T00:00,上海,31.2304,121.4737,13.6,82,0.0,0.0,3,6.8
2019-10-27T01:00,上海,31.2304,121.4737,13.6,82,0.0,0.0,3,6.9
2019-10-27T02:00,上海,31.2304,121.4737,13.6,82,0.0,0.0,2,7.0
2019-10-27T03:00,上海,31.2304,121.4737,12.6,85,0.0,0.0,1,7.9
2019-10-27T04:00,上海,31.2304,121.4737,12.1,87,0.0,0.0,1,8.1
2019-10-27T05:00,上海,31.2304,121.4737,12.1,88,0.0,0.0,1,7.6
2019-10-27T06:00,上海,31.2304,121.4737,11.5,90,0.0,0.0,3,6.8
2019-10-27T07:00,上海,31.2304,121.4737,13.4,83,0.0,0.0,3,6.2
2019-10-27T08:00,上海,31.2304,121.4737,14.9,75,0.0,0.0,3,5.8
2019-10-27T09:00,上海,31.2304,121.4737,15.5,70,0.0,0.0,3,6.3
2019-10-27T10:00,上海,31.2304,121.4737,16.1,66,0.0,0.0,3,6.6
2019-10-27T11:00,上海,31.2304,121.4737,16.5,64,0.0,0.0,3,4.9
2019-10-27T12:00,上海,31.2304,121.4737,16.8,63,0.0,0.0,3,4.2
2019-10-27T13:00,上海,31.2304,121.4737,16.8,62,0.0,0.0,3,2.2
2019-10-27T14:00,上海,31.2304,121.4737,16.8,62,0.0,0.0,3,1.6
2019-10-27T15:00,上海,31.2304,121.4737,16.7,62,0.0,0.0,3,2.0
2019-10-27T16:00,上海,31.2304,121.4737,16.5,64,0.0,0.0,3,1.8
2019-10-27T17:00,上海,31.2304,121.4737,15.9,69,0.0,0.0,3,1.1
2019-10-27T18:00,上海,31.2304,121.4737,14.8,83,0.0,0.0,3,2.3
2019-10-27T19:00,上海,31.2304,121.4737,13.9,83,0.0,0.0,0,2.6
2019-10-27T20:00,上海,31.2304,121.4737,13.3,88,0.0,0.0,0,3.8
2019-10-27T21:00,上海,31.2304,121.4737,12.1,89,0.0,0.0,0,5.3
2019-10-27T22:00,上海,31.2304,121.4737,11.4,90,0.0,0.0,0,6.2
2019-10-27T23:00,上海,31.2304,121.4737,10.6,92,0.0,0.0,0,6.1
2019-10-28T00:00,上海,31.2304,121.4737,10.1,91,0.0,0.0,0,5.7
2019-10-28T01:00,上海,31.2304,121.4737,9.7,91,0.0,0.0,0,5.6
2019-10-28T02:00,上海,31.2304,121.4737,9.2,93,0.0,0.0,0,5.2
2019-10-28T03:00,上海,31.2304,121.4737,8.9,95,0.0,0.0,2,4.8
2019-10-28T04:00,上海,31.2304,121.4737,8.8,97,0.0,0.0,3,3.5
2019-10-28T05:00,上海,31.2304,121.4737,8.4,100,0.0,0.0,3,2.1
2019-10-28T06:00,上海,31.2304,121.4737,8.1,100,0.0,0.0,3,2.6
2019-10-28T07:00,上海,31.2304,121.4737,9.2,97,0.0,0.0,3,2.3
2019-10-28T08:00,上海,31.2304,121.4737,13.9,82,0.0,0.0,0,3.4
2019-10-28T09:00,上海,31.2304,121.4737,16.6,71,0.0,0.0,0,4.2
2019-10-28T10:00,上海,31.2304,121.4737,18.2,71,0.0,0.0,2,5.4
2019-10-28T11:00,上海,31.2304,121.4737,19.5,65,0.0,0.0,3,9.4
2019-10-28T12:00,上海,31.2304,121.4737,20.8,59,0.0,0.0,3,12.7
2019-10-28T13:00,上海,31.2304,121.4737,20.5,60,0.0,0.0,3,12.4
2019-10-28T14:00,上海,31.2304,121.4737,20.4,60,0.0,0.0,3,12.4
2019-10-28T15:00,上海,31.2304,121.4737,20.6,59,0.0,0.0,3,12.1
2019-10-28T16:00,上海,31.2304,121.4737,20.1,62,0.0,0.0,1,11.3
2019-10-28T17:00,上海,31.2304,121.4737,17.5,80,0.0,0.0,0,7.0
2019-10-28T18:00,上海,31.2304,121.4737,15.9,86,0.0,0.0,0,6.6
2019-10-28T19:00,上海,31.2304,121.4737,14.3,92,0.0,0.0,0,6.1
2019-10-28T20:00,上海,31.2304,121.4737,13.5,95,0.0,0.0,0,6.8
2019-10-28T21:00,上海,31.2304,121.4737,12.9,99,0.0,0.0,0,7.2
2019-10-28T22:00,上海,31.2304,121.4737,12.5,99,0.0,0.0,0,8.7
2019-10-28T23:00,上海,31.2304,121.4737,12.4,97,0.0,0.0,0,8.9
2019-10-29T00:00,上海,31.2304,121.4737,12.1,99,0.0,0.0,0,8.7
2019-10-29T01:00,上海,31.2304,121.4737,11.9,100,0.0,0.0,0,8.9
2019-10-29T02:00,上海,31.2304,121.4737,11.8,100,0.0,0.0,0,8.9
2019-10-29T03:00,上海,31.2304,121.4737,11.8,98,0.0,0.0,0,9.7
2019-10-29T04:00,上海,31.2304,121.4737,11.6,97,0.0,0.0,0,10.3
2019-10-29T05:00,上海,31.2304,121.4737,10.3,96,0.0,0.0,0,10.2
2019-10-29T06:00,上海,31.2304,121.4737,9.6,95,0.0,0.0,0,10.0
2019-10-29T07:00,上海,31.2304,121.4737,11.1,87,0.0,0.0,0,9.8
2019-10-29T08:00,上海,31.2304,121.4737,13.6,77,0.0,0.0,0,9.4
2019-10-29T09:00,上海,31.2304,121.4737,16.4,66,0.0,0.0,0,10.5
2019-10-29T10:00,上海,31.2304,121.4737,18.8,55,0.0,0.0,0,10.2
2019-10-29T11:00,上海,31.2304,121.4737,20.5,41,0.0,0.0,0,12.7
2019-10-29T12:00,上海,31.2304,121.4737,21.0,34,0.0,0.0,0,16.9
2019-10-29T13:00,上海,31.2304,121.4737,21.1,30,0.0,0.0,0,18.5
2019-10-29T14:00,上海,31.2304,121.4737,21.0,34,0.0,0.0,0,18.4
2019-10-29T15:00,上海,31.2304,121.4737,20.6,43,0.0,0.0,0,14.6
2019-10-29T16:00,上海,31.2304,121.4737,20.1,48,0.0,0.0,1,10.5
2019-10-29T17:00,上海,31.2304,121.4737,17.5,67,0.0,0.0,1,14.4
2019-10-29T18:00,上海,31.2304,121.4737,16.5,72,0.0,0.0,1,11.6
2019-10-29T19:00,上海,31.2304,121.4737,15.6,76,0.0,0.0,0,9.7
2019-10-29T20:00,上海,31.2304,121.4737,14.1,83,0.0,0.0,0,7.6
2019-10-29T21:00,上海,31.2304,121.4737,13.9,83,0.0,0.0,0,7.6
2019-10-29T22:00,上海,31.2304,121.4737,13.4,83,0.0,0.0,0,7.0
2019-10-29T23:00,上海,31.2304,121.4737,13.4,81,0.0,0.0,0,6.2
2019-10-30T00:00,上海,31.2304,121.4737,13.1,81,0.0,0.0,0,5.9
2019-10-30T01:00,上海,31.2304,121.4737,13.6,77,0.0,0.0,0,4.8
2019-10-30T02:00,上海,31.2304,121.4737,14.1,74,0.0,0.0,0,3.6
2019-10-30T03:00,上海,31.2304,121.4737,13.6,75,0.0,0.0,0,3.2
2019-10-30T04:00,上海,31.2304,121.4737,13.1,78,0.0,0.0,0,2.9
2019-10-30T05:00,上海,31.2304,121.4737,12.6,80,0.0,0.0,0,2.2
2019-10-30T06:00,上海,31.2304,121.4737,12.1,83,0.0,0.0,0,1.5
2019-10-30T07:00,上海,31.2304,121.4737,11.6,90,0.0,0.0,0,3.0
2019-10-30T08:00,上海,31.2304,121.4737,14.4,81,0.0,0.0,0,1.9
2019-10-30T09:00,上海,31.2304,121.4737,18.3,57,0.0,0.0,0,4.5
2019-10-30T10:00,上海,31.2304,121.4737,19.6,47,0.0,0.0,0,4.0
2019-10-30T11:00,上海,31.2304,121.4737,20.5,42,0.0,0.0,0,1.9
2019-10-30T12:00,上海,31.2304,121.4737,21.2,38,0.0,0.0,0,2.2
2019-10-30T13:00,上海,31.2304,121.4737,21.5,37,0.0,0.0,0,3.9
2019-10-30T14:00,上海,31.2304,121.4737,21.6,37,0.0,0.0,0,4.3
2019-10-30T15:00,上海,31.2304,121.4737,21.3,40,0.0,0.0,0,6.1
2019-10-30T16:00,上海,31.2304,121.4737,20.2,46,0.0,0.0,0,7.9
2019-10-30T17:00,上海,31.2304,121.4737,17.1,66,0.0,0.0,0,8.3
2019-10-30T18:00,上海,31.2304,121.4737,15.4,72,0.0,0.0,0,8.9
2019-10-30T19:00,上海,31.2304,121.4737,14.0,78,0.0,0.0,0,9.6
2019-10-30T20:00,上海,31.2304,121.4737,13.6,79,0.0,0.0,0,9.0
2019-10-30T21:00,上海,31.2304,121.4737,13.7,76,0.0,0.0,2,9.3
2019-10-30T22:00,上海,31.2304,121.4737,13.2,76,0.0,0.0,2,9.7
2019-10-30T23:00,上海,31.2304,121.4737,12.9,77,0.0,0.0,2,9.1
2019-10-31T00:00,上海,31.2304,121.4737,12.4,80,0.0,0.0,2,8.4
2019-10-31T01:00,上海,31.2304,121.4737,11.6,82,0.0,0.0,0,8.1
2019-10-31T02:00,上海,31.2304,121.4737,11.1,84,0.0,0.0,0,7.9
2019-10-31T03:00,上海,31.2304,121.4737,10.8,85,0.0,0.0,0,6.4
2019-10-31T04:00,上海,31.2304,121.4737,10.6,85,0.0,0.0,0,5.4
2019-10-31T05:00,上海,31.2304,121.4737,10.1,88,0.0,0.0,0,5.4
2019-10-31T06:00,上海,31.2304,121.4737,9.6,89,0.0,0.0,0,5.3
2019-10-31T07:00,上海,31.2304,121.4737,11.1,85,0.0,0.0,0,4.7
2019-10-31T08:00,上海,31.2304,121.4737,15.1,76,0.0,0.0,0,1.4
2019-10-31T09:00,上海,31.2304,121.4737,18.5,62,0.0,0.0,0,2.6
2019-10-31T10:00,上海,31.2304,121.4737,20.2,51,0.0,0.0,0,3.6
2019-10-31T11:00,上海,31.2304,121.4737,21.1,46,0.0,0.0,0,2.1
2019-10-31T12:00,上海,31.2304,121.4737,21.8,43,0.0,0.0,0,1.9
2019-10-31T13:00,上海,31.2304,121.4737,22.2,42,0.0,0.0,0,2.3
2019-10-31T14:00,上海,31.2304,121.4737,22.4,42,0.0,0.0,0,3.6
2019-10-31T15:00,上海,31.2304,121.4737,22.1,43,0.0,0.0,0,6.2
2019-10-31T16:00,上海,31.2304,121.4737,21.0,51,0.0,0.0,0,9.4
2019-10-31T17:00,上海,31.2304,121.4737,17.9,67,0.0,0.0,0,10.9
2019-10-31T18:00,上海,31.2304,121.4737,16.0,72,0.0,0.0,3,9.2
2019-10-31T19:00,上海,31.2304,121.4737,14.7,80,0.0,0.0,3,7.2
2019-10-31T20:00,上海,31.2304,121.4737,14.1,84,0.0,0.0,3,8.4
2019-10-31T21:00,上海,31.2304,121.4737,14.1,81,0.0,0.0,3,7.7
2019-10-31T22:00,上海,31.2304,121.4737,13.6,81,0.0,0.0,3,7.7
2019-10-31T23:00,上海,31.2304,121.4737,13.1,83,0.0,0.0,3,7.6
2019-11-01T00:00,上海,31.2304,121.4737,12.6,87,0.0,0.0,3,7.2
2019-11-01T01:00,上海,31.2304,121.4737,11.9,91,0.0,0.0,0,6.3
2019-11-01T02:00,上海,31.2304,121.4737,11.8,91,0.0,0.0,0,4.6
2019-11-01T03:00,上海,31.2304,121.4737,12.0,91,0.0,0.0,0,3.2
2019-11-01T04:00,上海,31.2304,121.4737,10.9,95,0.0,0.0,0,3.6
2019-11-01T05:00,上海,31.2304,121.4737,11.1,94,0.0,0.0,0,2.7
2019-11-01T06:00,上海,31.2304,121.4737,10.9,93,0.0,0.0,0,3.6
2019-11-01T07:00,上海,31.2304,121.4737,11.9,93,0.0,0.0,0,3.0
2019-11-01T08:00,上海,31.2304,121.4737,15.6,80,0.0,0.0,0,1.5
2019-11-01T09:00,上海,31.2304,121.4737,19.4,66,0.0,0.0,0,4.7
2019-11-01T10:00,上海,31.2304,121.4737,21.2,56,0.0,0.0,3,7.2
2019-11-01T11:00,上海,31.2304,121.4737,22.5,48,0.0,0.0,2,7.3
2019-11-01T12:00,上海,31.2304,121.4737,23.4,41,0.0,0.0,1,9.4
2019-11-01T13:00,上海,31.2304,121.4737,23.6,39,0.0,0.0,3,11.4
2019-11-01T14:00,上海,31.2304,121.4737,23.4,40,0.0,0.0,3,12.6
2019-11-01T15:00,上海,31.2304,121.4737,22.6,40,0.0,0.0,3,12.6
2019-11-01T16:00,上海,31.2304,121.4737,21.0,52,0.0,0.0,3,10.2
2019-11-01T17:00,上海,31.2304,121.4737,18.2,72,0.0,0.0,2,8.3
2019-11-01T18:00,上海,31.2304,121.4737,16.8,83,0.0,0.0,0,7.8
2019-11-01T19:00,上海,31.2304,121.4737,15.6,90,0.0,0.0,1,7.7
2019-11-01T20:00,上海,31.2304,121.4737,14.6,94,0.0,0.0,1,6.6
2019-11-01T21:00,上海,31.2304,121.4737,14.6,96,0.0,0.0,0,5.8
2019-11-01T22:00,上海,31.2304,121.4737,14.4,96,0.0,0.0,0,5.7
2019-11-01T23:00,上海,31.2304,121.4737,14.3,97,0.0,0.0,1,5.5
2019-11-02T00:00,上海,31.2304,121.4737,14.3,98,0.0,0.0,0,5.1
2019-11-02T01:00,上海,31.2304,121.4737,13.7,100,0.0,0.0,0,5.9
2019-11-02T02:00,上海,31.2304,121.4737,13.4,100,0.0,0.0,3,6.8
2019-11-02T03:00,上海,31.2304,121.4737,13.0,100,0.0,0.0,3,7.1
2019-11-02T04:00,上海,31.2304,121.4737,13.1,100,0.0,0.0,3,6.5
2019-11-02T05:00,上海,31.2304,121.4737,13.6,100,0.0,0.0,3,6.6
2019-11-02T06:00,上海,31.2304,121.4737,14.0,100,0.0,0.0,3,5.6
2019-11-02T07:00,上海,31.2304,121.4737,15.8,99,0.0,0.0,3,4.6
2019-11-02T08:00,上海,31.2304,121.4737,17.4,97,0.0,0.0,2,2.5
2019-11-02T09:00,上海,31.2304,121.4737,19.0,86,0.0,0.0,2,2.9
2019-11-02T10:00,上海,31.2304,121.4737,20.4,74,0.0,0.0,2,6.3
2019-11-02T11:00,上海,31.2304,121.4737,21.5,66,0.0,0.0,1,7.2
2019-11-02T12:00,上海,31.2304,121.4737,22.1,60,0.0,0.0,2,8.4
2019-11-02T13:00,上海,31.2304,121.4737,22.3,57,0.0,0.0,1,9.4
2019-11-02T14:00,上海,31.2304,121.4737,22.2,54,0.0,0.0,3,10.0
2019-11-02T15:00,上海,31.2304,121.4737,21.5,61,0.0,0.0,1,13.9
2019-11-02T16:00,上海,31.2304,121.4737,20.1,64,0.0,0.0,3,13.6
2019-11-02T17:00,上海,31.2304,121.4737,18.9,75,0.0,0.0,3,8.7
2019-11-02T18:00,上海,31.2304,121.4737,18.0,83,0.0,0.0,3,7.6
2019-11-02T19:00,上海,31.2304,121.4737,17.8,85,0.0,0.0,3,6.5
2019-11-02T20:00,上海,31.2304,121.4737,17.4,89,0.0,0.0,3,5.3
2019-11-02T21:00,上海,31.2304,121.4737,17.4,90,0.0,0.0,3,5.0
2019-11-02T22:00,上海,31.2304,121.4737,17.0,93,0.0,0.0,3,3.6
2019-11-02T23:00,上海,31.2304,121.4737,16.6,94,0.0,0.0,3,3.3
2019-11-03T00:00,上海,31.2304,121.4737,16.7,94,0.0,0.0,3,2.2
2019-11-03T01:00,上海,31.2304,121.4737,16.4,95,0.0,0.0,3,4.3
2019-11-03T02:00,上海,31.2304,121.4737,16.1,94,0.0,0.0,3,5.7
2019-11-03T03:00,上海,31.2304,121.4737,16.0,94,0.0,0.0,3,5.8
2019-11-03T04:00,上海,31.2304,121.4737,16.1,93,0.2,0.2,51,4.1
2019-11-03T05:00,上海,31.2304,121.4737,15.9,93,0.0,0.0,3,6.1
2019-11-03T06:00,上海,31.2304,121.4737,16.5,93,0.0,0.0,3,9.3
2019-11-03T07:00,上海,31.2304,121.4737,16.8,93,2.0,2.0,61,9.4
2019-11-03T08:00,上海,31.2304,121.4737,17.8,89,0.0,0.0,3,6.0
2019-11-03T09:00,上海,31.2304,121.4737,19.1,77,0.0,0.0,3,8.9
2019-11-03T10:00,上海,31.2304,121.4737,19.8,72,0.0,0.0,3,9.0
2019-11-03T11:00,上海,31.2304,121.4737,20.6,68,0.0,0.0,3,10.3
2019-11-03T12:00,上海,31.2304,121.4737,21.2,61,0.0,0.0,2,9.5
2019-11-03T13:00,上海,31.2304,121.4737,21.4,59,0.0,0.0,2,11.7
2019-11-03T14:00,上海,31.2304,121.4737,21.5,57,0.0,0.0,1,13.3
2019-11-03T15:00,上海,31.2304,121.4737,21.4,54,0.0,0.0,0,12.8
2019-11-03T16:00,上海,31.2304,121.4737,20.6,56,0.0,0.0,0,12.1
2019-11-03T17:00,上海,31.2304,121.4737,18.5,71,0.0,0.0,0,10.0
2019-11-03T18:00,上海,31.2304,121.4737,17.5,76,0.0,0.0,0,12.5
2019-11-03T19:00,上海,31.2304,121.4737,17.1,78,0.0,0.0,0,14.2
2019-11-03T20:00,上海,31.2304,121.4737,16.0,83,0.0,0.0,0,12.1
2019-11-03T21:00,上海,31.2304,121.4737,15.5,87,0.0,0.0,0,11.0
2019-11-03T22:00,上海,31.2304,121.4737,15.1,90,0.0,0.0,0,10.7
2019-11-03T23:00,上海,31.2304,121.4737,14.9,91,0.0,0.0,0,10.8
2019-11-04T00:00,上海,31.2304,121.4737,14.8,91,0.0,0.0,0,11.2
2019-11-04T01:00,上海,31.2304,121.4737,14.6,92,0.0,0.0,1,10.8
2019-11-04T02:00,上海,31.2304,121.4737,14.9,92,0.0,0.0,1,11.5
2019-11-04T03:00,上海,31.2304,121.4737,15.2,90,0.0,0.0,1,11.5
2019-11-04T04:00,上海,31.2304,121.4737,15.1,91,0.0,0.0,1,11.2
2019-11-04T05:00,上海,31.2304,121.4737,14.9,92,0.0,0.0,0,10.8
2019-11-04T06:00,上海,31.2304,121.4737,14.9,92,0.0,0.0,1,10.8
2019-11-04T07:00,上海,31.2304,121.4737,15.9,89,0.0,0.0,0,11.5
2019-11-04T08:00,上海,31.2304,121.4737,17.7,80,0.0,0.0,0,14.3
2019-11-04T09:00,上海,31.2304,121.4737,18.9,72,0.0,0.0,0,18.3
2019-11-04T10:00,上海,31.2304,121.4737,19.9,65,0.0,0.0,0,17.8
2019-11-04T11:00,上海,31.2304,121.4737,20.6,60,0.0,0.0,0,17.8
2019-11-04T12:00,上海,31.2304,121.4737,21.0,56,0.0,0.0,1,18.3
2019-11-04T13:00,上海,31.2304,121.4737,21.0,53,0.0,0.0,1,19.1
2019-11-04T14:00,上海,31.2304,121.4737,20.7,52,0.1,0.1,51,19.7
2019-11-04T15:00,上海,31.2304,121.4737,20.1,55,0.0,0.0,1,20.3
2019-11-04T16:00,上海,31.2304,121.4737,19.0,63,0.0,0.0,1,17.9
2019-11-04T17:00,上海,31.2304,121.4737,17.6,73,0.0,0.0,1,13.6
2019-11-04T18:00,上海,31.2304,121.4737,16.8,78,0.0,0.0,1,12.3
2019-11-04T19:00,上海,31.2304,121.4737,16.0,81,0.0,0.0,1,11.9
2019-11-04T20:00,上海,31.2304,121.4737,15.6,86,0.0,0.0,0,11.2
2019-11-04T21:00,上海,31.2304,121.4737,15.2,88,0.0,0.0,0,11.5
2019-11-04T22:00,上海,31.2304,121.4737,14.8,88,0.0,0.0,0,11.2
2019-11-04T23:00,上海,31.2304,121.4737,14.2,89,0.0,0.0,0,11.2
2019-11-05T00:00,上海,31.2304,121.4737,13.8,90,0.0,0.0,0,12.3
2019-11-05T01:00,上海,31.2304,121.4737,13.4,90,0.0,0.0,0,12.6
2019-11-05T02:00,上海,31.2304,121.4737,13.1,90,0.0,0.0,0,12.6
2019-11-05T03:00,上海,31.2304,121.4737,12.7,90,0.0,0.0,0,11.9
2019-11-05T04:00,上海,31.2304,121.4737,12.4,91,0.0,0.0,0,11.2
2019-11-05T05:00,上海,31.2304,121.4737,12.0,91,0.0,0.0,0,10.2
2019-11-05T06:00,上海,31.2304,121.4737,11.6,93,0.0,0.0,0,9.4
2019-11-05T07:00,上海,31.2304,121.4737,12.6,90,0.0,0.0,0,8.6
2019-11-05T08:00,上海,31.2304,121.4737,14.6,82,0.0,0.0,0,8.5
2019-11-05T09:00,上海,31.2304,121.4737,16.5,71,0.0,0.0,1,12.1
2019-11-05T10:00,上海,31.2304,121.4737,17.8,60,0.0,0.0,1,14.9
2019-11-05T11:00,上海,31.2304,121.4737,18.5,56,0.0,0.0,1,15.6
2019-11-05T12:00,上海,31.2304,121.4737,19.3,50,0.0,0.0,1,15.5
2019-11-05T13:00,上海,31.2304,121.4737,19.8,47,0.0,0.0,2,15.9
2019-11-05T14:00,上海,31.2304,121.4737,20.1,44,0.0,0.0,2,14.5
2019-11-05T15:00,上海,31.2304,121.4737,19.9,43,0.0,0.0,2,14.7
2019-11-05T16:00,上海,31.2304,121.4737,19.1,47,0.0,0.0,0,14.8
2019-11-05T17:00,上海,31.2304,121.4737,16.8,63,0.0,0.0,0,11.7
2019-11-05T18:00,上海,31.2304,121.4737,15.6,70,0.0,0.0,0,12.5
2019-11-05T19:00,上海,31.2304,121.4737,14.9,74,0.0,0.0,0,11.4
2019-11-05T20:00,上海,31.2304,121.4737,13.8,79,0.0,0.0,0,8.9
2019-11-05T21:00,上海,31.2304,121.4737,13.6,82,0.0,0.0,0,7.9
2019-11-05T22:00,上海,31.2304,121.4737,13.2,86,0.0,0.0,0,9.4
2019-11-05T23:00,上海,31.2304,121.4737,12.9,88,0.0,0.0,0,9.8
2019-11-06T00:00,上海,31.2304,121.4737,12.4,87,0.0,0.0,0,9.3
2019-11-06T01:00,上海,31.2304,121.4737,11.9,87,0.0,0.0,0,9.2
2019-11-06T02:00,上海,31.2304,121.4737,11.5,88,0.0,0.0,0,9.2
2019-11-06T03:00,上海,31.2304,121.4737,11.3,89,0.0,0.0,0,9.8
2019-11-06T04:00,上海,31.2304,121.4737,11.2,90,0.0,0.0,0,9.9
2019-11-06T05:00,上海,31.2304,121.4737,11.1,90,0.0,0.0,0,10.0
2019-11-06T06:00,上海,31.2304,121.4737,10.6,92,0.0,0.0,0,8.9
2019-11-06T07:00,上海,31.2304,121.4737,12.4,88,0.0,0.0,0,7.9
2019-11-06T08:00,上海,31.2304,121.4737,15.9,77,0.0,0.0,1,7.6
2019-11-06T09:00,上海,31.2304,121.4737,17.7,64,0.0,0.0,1,11.2
2019-11-06T10:00,上海,31.2304,121.4737,18.6,60,0.0,0.0,1,10.2
2019-11-06T11:00,上海,31.2304,121.4737,19.4,57,0.0,0.0,3,9.2
2019-11-06T12:00,上海,31.2304,121.4737,19.8,56,0.0,0.0,1,9.5
2019-11-06T13:00,上海,31.2304,121.4737,20.0,54,0.0,0.0,1,11.5
2019-11-06T14:00,上海,31.2304,121.4737,19.9,54,0.0,0.0,3,9.9
2019-11-06T15:00,上海,31.2304,121.4737,19.1,54,0.0,0.0,3,10.9
2019-11-06T16:00,上海,31.2304,121.4737,18.5,54,0.0,0.0,1,12.2
2019-11-06T17:00,上海,31.2304,121.4737,17.0,67,0.0,0.0,3,8.8
2019-11-06T18:00,上海,31.2304,121.4737,16.1,74,0.0,0.0,3,6.8
2019-11-06T19:00,上海,31.2304,121.4737,15.5,79,0.0,0.0,3,6.5
2019-11-06T20:00,上海,31.2304,121.4737,16.2,76,0.0,0.0,3,5.9
2019-11-06T21:00,上海,31.2304,121.4737,16.5,76,0.0,0.0,3,4.5
2019-11-06T22:00,上海,31.2304,121.4737,16.4,77,0.0,0.0,3,4.5
2019-11-06T23:00,上海,31.2304,121.4737,15.8,83,0.0,0.0,3,2.7
2019-11-07T00:00,上海,31.2304,121.4737,15.9,71,0.0,0.0,3,1.0
2019-11-07T01:00,上海,31.2304,121.4737,14.8,85,0.0,0.0,3,4.4
2019-11-07T02:00,上海,31.2304,121.4737,15.0,85,0.5,0.5,53,5.7
2019-11-07T03:00,上海,31.2304,121.4737,15.2,84,0.0,0.0,3,7.3
2019-11-07T04:00,上海,31.2304,121.4737,15.4,84,0.0,0.0,1,8.8
2019-11-07T05:00,上海,31.2304,121.4737,14.2,89,0.0,0.0,2,10.0
2019-11-07T06:00,上海,31.2304,121.4737,14.1,90,0.0,0.0,3,8.8
2019-11-07T07:00,上海,31.2304,121.4737,15.6,84,0.0,0.0,3,9.1
2019-11-07T08:00,上海,31.2304,121.4737,16.4,78,0.0,0.0,3,9.5
2019-11-07T09:00,上海,31.2304,121.4737,17.6,71,0.0,0.0,3,10.1
2019-11-07T10:00,上海,31.2304,121.4737,18.5,63,0.0,0.0,3,13.9
2019-11-07T11:00,上海,31.2304,121.4737,18.5,59,0.0,0.0,3,15.3
2019-11-07T12:00,上海,31.2304,121.4737,18.4,59,0.0,0.0,3,15.0
2019-11-07T13:00,上海,31.2304,121.4737,18.5,58,0.0,0.0,3,15.5
2019-11-07T14:00,上海,31.2304,121.4737,18.4,59,0.0,0.0,3,16.2
2019-11-07T15:00,上海,31.2304,121.4737,18.4,58,0.0,0.0,3,14.8
2019-11-07T16:00,上海,31.2304,121.4737,18.2,58,0.0,0.0,0,12.6
2019-11-07T17:00,上海,31.2304,121.4737,16.5,68,0.0,0.0,0,11.9
2019-11-07T18:00,上海,31.2304,121.4737,15.9,71,0.0,0.0,0,12.5
2019-11-07T19:00,上海,31.2304,121.4737,15.4,75,0.0,0.0,0,14.6
2019-11-07T20:00,上海,31.2304,121.4737,14.7,84,0.0,0.0,1,11.9
2019-11-07T21:00,上海,31.2304,121.4737,14.8,86,0.0,0.0,1,13.8
2019-11-07T22:00,上海,31.2304,121.4737,14.6,85,0.0,0.0,1,15.2
2019-11-07T23:00,上海,31.2304,121.4737,14.4,86,0.0,0.0,1,13.8
2019-11-08T00:00,上海,31.2304,121.4737,14.4,82,0.0,0.0,1,14.4
2019-11-08T01:00,上海,31.2304,121.4737,14.4,80,0.0,0.0,1,15.4
2019-11-08T02:00,上海,31.2304,121.4737,14.0,78,0.0,0.0,0,15.6
2019-11-08T03:00,上海,31.2304,121.4737,13.4,80,0.0,0.0,0,15.6
2019-11-08T04:00,上海,31.2304,121.4737,13.1,81,0.0,0.0,0,15.5
2019-11-08T05:00,上海,31.2304,121.4737,12.9,80,0.0,0.0,0,14.9
2019-11-08T06:00,上海,31.2304,121.4737,12.2,81,0.0,0.0,0,12.4
2019-11-08T07:00,上海,31.2304,121.4737,12.8,78,0.0,0.0,0,10.9
2019-11-08T08:00,上海,31.2304,121.4737,14.9,71,0.0,0.0,0,12.2
2019-11-08T09:00,上海,31.2304,121.4737,15.9,62,0.0,0.0,1,15.1
2019-11-08T10:00,上海,31.2304,121.4737,16.6,58,0.0,0.0,1,15.8
2019-11-08T11:00,上海,31.2304,121.4737,17.1,53,0.0,0.0,1,15.5
2019-11-08T12:00,上海,31.2304,121.4737,17.6,50,0.0,0.0,1,15.9
2019-11-08T13:00,上海,31.2304,121.4737,17.6,48,0.0,0.0,1,16.7
2019-11-08T14:00,上海,31.2304,121.4737,17.7,44,0.0,0.0,0,16.9
2019-11-08T15:00,上海,31.2304,121.4737,17.4,44,0.0,0.0,0,16.9
2019-11-08T16:00,上海,31.2304,121.4737,16.5,48,0.0,0.0,0,16.0
2019-11-08T17:00,上海,31.2304,121.4737,14.6,60,0.0,0.0,0,13.7
2019-11-08T18:00,上海,31.2304,121.4737,13.5,65,0.0,0.0,0,13.0
2019-11-08T19:00,上海,31.2304,121.4737,12.6,68,0.0,0.0,0,11.3
2019-11-08T20:00,上海,31.2304,121.4737,12.1,74,0.0,0.0,0,9.8
2019-11-08T21:00,上海,31.2304,121.4737,11.7,78,0.0,0.0,0,8.4
2019-11-08T22:00,上海,31.2304,121.4737,11.1,82,0.0,0.0,0,8.6
2019-11-08T23:00,上海,31.2304,121.4737,10.8,85,0.0,0.0,0,9.1
2019-11-09T00:00,上海,31.2304,121.4737,10.4,87,0.0,0.0,0,9.4
2019-11-09T01:00,上海,31.2304,121.4737,10.0,89,0.0,0.0,0,9.4
2019-11-09T02:00,上海,31.2304,121.4737,9.6,89,0.0,0.0,0,9.0
2019-11-09T03:00,上海,31.2304,121.4737,9.1,90,0.0,0.0,0,8.4
2019-11-09T04:00,上海,31.2304,121.4737,8.7,92,0.0,0.0,0,8.3
2019-11-09T05:00,上海,31.2304,121.4737,8.4,93,0.0,0.0,0,8.1
2019-11-09T06:00,上海,31.2304,121.4737,8.2,93,0.0,0.0,0,8.2
2019-11-09T07:00,上海,31.2304,121.4737,9.9,89,0.0,0.0,0,7.9
2019-11-09T08:00,上海,31.2304,121.4737,12.8,77,0.0,0.0,0,6.2
2019-11-09T09:00,上海,31.2304,121.4737,15.1,62,0.0,0.0,0,9.7
2019-11-09T10:00,上海,31.2304,121.4737,16.2,54,0.0,0.0,0,11.8
2019-11-09T11:00,上海,31.2304,121.4737,16.8,52,0.0,0.0,0,9.8
2019-11-09T12:00,上海,31.2304,121.4737,17.4,50,0.0,0.0,0,8.8
2019-11-09T13:00,上海,31.2304,121.4737,17.7,49,0.0,0.0,0,8.4
2019-11-09T14:00,上海,31.2304,121.4737,17.9,48,0.0,0.0,0,9.3
2019-11-09T15:00,上海,31.2304,121.4737,17.6,49,0.0,0.0,0,10.5
2019-11-09T16:00,上海,31.2304,121.4737,16.8,55,0.0,0.0,0,9.3
2019-11-09T17:00,上海,31.2304,121.4737,15.1,72,0.0,0.0,0,3.1
2019-11-09T18:00,上海,31.2304,121.4737,13.9,77,0.0,0.0,0,4.1
2019-11-09T19:00,上海,31.2304,121.4737,12.8,84,0.0,0.0,1,5.4
2019-11-09T20:00,上海,31.2304,121.4737,11.6,86,0.0,0.0,0,5.4
2019-11-09T21:00,上海,31.2304,121.4737,11.7,86,0.0,0.0,0,7.6
2019-11-09T22:00,上海,31.2304,121.4737,11.1,88,0.0,0.0,0,7.4
2019-11-09T23:00,上海,31.2304,121.4737,10.2,90,0.0,0.0,1,7.7
2019-11-10T00:00,上海,31.2304,121.4737,9.6,91,0.0,0.0,2,7.2
2019-11-10T01:00,上海,31.2304,121.4737,9.5,91,0.0,0.0,0,5.8
2019-11-10T02:00,上海,31.2304,121.4737,8.6,92,0.0,0.0,0,6.5
2019-11-10T03:00,上海,31.2304,121.4737,8.2,94,0.0,0.0,0,7.3
2019-11-10T04:00,上海,31.2304,121.4737,7.9,93,0.0,0.0,0,6.8
2019-11-10T05:00,上海,31.2304,121.4737,7.7,93,0.0,0.0,0,7.6
2019-11-10T06:00,上海,31.2304,121.4737,7.9,92,0.0,0.0,0,9.1
2019-11-10T07:00,上海,31.2304,121.4737,9.9,91,0.0,0.0,0,10.0
2019-11-10T08:00,上海,31.2304,121.4737,13.6,79,0.0,0.0,0,11.5
2019-11-10T09:00,上海,31.2304,121.4737,16.1,67,0.0,0.0,0,17.7
2019-11-10T10:00,上海,31.2304,121.4737,18.2,52,0.0,0.0,3,19.5
2019-11-10T11:00,上海,31.2304,121.4737,19.5,43,0.0,0.0,3,19.9
2019-11-10T12:00,上海,31.2304,121.4737,19.6,41,0.0,0.0,0,20.0
2019-11-10T13:00,上海,31.2304,121.4737,21.2,40,0.0,0.0,0,23.1
2019-11-10T14:00,上海,31.2304,121.4737,21.5,40,0.0,0.0,0,23.7
2019-11-10T15:00,上海,31.2304,121.4737,21.2,41,0.0,0.0,0,22.8
2019-11-10T16:00,上海,31.2304,121.4737,20.4,45,0.0,0.0,0,18.6
2019-11-10T17:00,上海,31.2304,121.4737,18.3,54,0.0,0.0,0,15.7
2019-11-10T18:00,上海,31.2304,121.4737,16.9,58,0.0,0.0,0,13.9
2019-11-10T19:00,上海,31.2304,121.4737,15.9,57,0.0,0.0,0,13.8
2019-11-10T20:00,上海,31.2304,121.4737,15.1,56,0.0,0.0,0,12.1
2019-11-10T21:00,上海,31.2304,121.4737,14.4,57,0.0,0.0,0,12.0
2019-11-10T22:00,上海,31.2304,121.4737,13.5,60,0.0,0.0,0,11.5
2019-11-10T23:00,上海,31.2304,121.4737,12.6,64,0.0,0.0,0,11.3
2019-11-11T00:00,上海,31.2304,121.4737,11.9,66,0.0,0.0,0,11.2
2019-11-11T01:00,上海,31.2304,121.4737,11.8,65,0.0,0.0,0,12.6
2019-11-11T02:00,上海,31.2304,121.4737,10.9,67,0.0,0.0,0,11.3
2019-11-11T03:00,上海,31.2304,121.4737,9.7,71,0.0,0.0,0,10.0
2019-11-11T04:00,上海,31.2304,121.4737,8.7,74,0.0,0.0,0,9.1
2019-11-11T05:00,上海,31.2304,121.4737,7.8,77,0.0,0.0,0,8.6
2019-11-11T06:00,上海,31.2304,121.4737,7.0,81,0.0,0.0,0,8.0
2019-11-11T07:00,上海,31.2304,121.4737,7.9,76,0.0,0.0,0,6.4
2019-11-11T08:00,上海,31.2304,121.4737,11.9,62,0.0,0.0,0,5.0
2019-11-11T09:00,上海,31.2304,121.4737,16.2,46,0.0,0.0,0,6.1
2019-11-11T10:00,上海,31.2304,121.4737,19.0,30,0.0,0.0,0,8.8
2019-11-11T11:00,上海,31.2304,121.4737,20.2,24,0.0,0.0,0,10.5
2019-11-11T12:00,上海,31.2304,121.4737,20.9,23,0.0,0.0,0,10.7
2019-11-11T13:00,上海,31.2304,121.4737,21.2,23,0.0,0.0,0,11.2
2019-11-11T14:00,上海,31.2304,121.4737,21.0,24,0.0,0.0,0,12.0
2019-11-11T15:00,上海,31.2304,121.4737,20.5,27,0.0,0.0,0,10.8
2019-11-11T16:00,上海,31.2304,121.4737,19.6,31,0.0,0.0,0,5.2
2019-11-11T17:00,上海,31.2304,121.4737,17.0,57,0.0,0.0,0,5.4
2019-11-11T18:00,上海,31.2304,121.4737,15.1,59,0.0,0.0,0,8.3
2019-11-11T19:00,上海,31.2304,121.4737,14.0,61,0.0,0.0,0,9.7
2019-11-11T20:00,上海,31.2304,121.4737,12.2,67,0.0,0.0,0,8.9
2019-11-11T21:00,上海,31.2304,121.4737,11.8,74,0.0,0.0,0,7.9
2019-11-11T22:00,上海,31.2304,121.4737,11.3,79,0.0,0.0,0,8.7
2019-11-11T23:00,上海,31.2304,121.4737,11.0,82,0.0,0.0,0,9.2
2019-11-12T00:00,上海,31.2304,121.4737,10.8,85,0.0,0.0,0,9.5
2019-11-12T01:00,上海,31.2304,121.4737,10.6,88,0.0,0.0,1,9.8
2019-11-12T02:00,上海,31.2304,121.4737,10.3,91,0.0,0.0,2,9.5
2019-11-12T03:00,上海,31.2304,121.4737,9.7,93,0.0,0.0,3,8.2
2019-11-12T04:00,上海,31.2304,121.4737,10.1,94,0.0,0.0,3,7.9
2019-11-12T05:00,上海,31.2304,121.4737,10.6,94,0.0,0.0,3,8.2
2019-11-12T06:00,上海,31.2304,121.4737,11.1,94,0.0,0.0,2,7.9
2019-11-12T07:00,上海,31.2304,121.4737,12.4,89,0.0,0.0,2,7.8
2019-11-12T08:00,上海,31.2304,121.4737,15.8,75,0.0,0.0,3,7.2
2019-11-12T09:00,上海,31.2304,121.4737,18.2,65,0.0,0.0,3,9.0
2019-11-12T10:00,上海,31.2304,121.4737,19.6,57,0.0,0.0,3,13.4
2019-11-12T11:00,上海,31.2304,121.4737,20.0,55,0.0,0.0,3,13.5
2019-11-12T12:00,上海,31.2304,121.4737,20.0,55,0.0,0.0,3,14.3
2019-11-12T13:00,上海,31.2304,121.4737,19.8,56,0.0,0.0,3,13.2
2019-11-12T14:00,上海,31.2304,121.4737,19.8,57,0.1,0.1,51,14.0
2019-11-12T15:00,上海,31.2304,121.4737,19.5,59,0.0,0.0,3,15.0
2019-11-12T16:00,上海,31.2304,121.4737,18.8,64,0.0,0.0,2,14.1
2019-11-12T17:00,上海,31.2304,121.4737,17.5,71,0.0,0.0,2,11.2
2019-11-12T18:00,上海,31.2304,121.4737,16.3,77,0.0,0.0,1,11.1
2019-11-12T19:00,上海,31.2304,121.4737,15.6,80,0.0,0.0,0,11.0
2019-11-12T20:00,上海,31.2304,121.4737,15.4,84,0.0,0.0,0,8.8
2019-11-12T21:00,上海,31.2304,121.4737,14.7,90,0.0,0.0,1,7.0
2019-11-12T22:00,上海,31.2304,121.4737,14.9,92,0.0,0.0,1,7.8
2019-11-12T23:00,上海,31.2304,121.4737,15.0,94,0.0,0.0,2,8.2
2019-11-13T00:00,上海,31.2304,121.4737,15.1,94,0.0,0.0,2,9.2
2019-11-13T01:00,上海,31.2304,121.4737,15.5,92,0.0,0.0,3,8.9
2019-11-13T02:00,上海,31.2304,121.4737,15.8,90,0.0,0.0,3,9.7
2019-11-13T03:00,上海,31.2304,121.4737,16.1,89,0.0,0.0,3,10.0
2019-11-13T04:00,上海,31.2304,121.4737,16.5,90,0.0,0.0,3,10.0
2019-11-13T05:00,上海,31.2304,121.4737,16.6,91,0.0,0.0,3,9.0
2019-11-13T06:00,上海,31.2304,121.4737,16.5,90,0.0,0.0,3,9.3
2019-11-13T07:00,上海,31.2304,121.4737,16.2,89,0.1,0.1,51,9.2
2019-11-13T08:00,上海,31.2304,121.4737,16.7,86,0.0,0.0,3,11.4
2019-11-13T09:00,上海,31.2304,121.4737,16.8,82,0.8,0.8,53,15.9
2019-11-13T10:00,上海,31.2304,121.4737,16.8,81,0.0,0.0,3,17.6
2019-11-13T11:00,上海,31.2304,121.4737,17.0,78,0.0,0.0,0,20.2
2019-11-13T12:00,上海,31.2304,121.4737,20.1,55,0.0,0.0,0,22.2
2019-11-13T13:00,上海,31.2304,121.4737,21.1,47,0.0,0.0,0,23.2
2019-11-13T14:00,上海,31.2304,121.4737,21.4,42,0.0,0.0,0,24.7
2019-11-13T15:00,上海,31.2304,121.4737,21.0,43,0.0,0.0,0,26.9
2019-11-13T16:00,上海,31.2304,121.4737,20.1,44,0.0,0.0,2,21.0
2019-11-13T17:00,上海,31.2304,121.4737,18.7,53,0.0,0.0,0,20.7
2019-11-13T18:00,上海,31.2304,121.4737,17.3,58,0.0,0.0,0,20.0
2019-11-13T19:00,上海,31.2304,121.4737,16.4,54,0.0,0.0,2,21.2
2019-11-13T20:00,上海,31.2304,121.4737,16.3,48,0.0,0.0,2,19.8
2019-11-13T21:00,上海,31.2304,121.4737,15.7,39,0.0,0.0,0,21.2
2019-11-13T22:00,上海,31.2304,121.4737,14.4,42,0.0,0.0,0,19.6
2019-11-13T23:00,上海,31.2304,121.4737,13.6,45,0.0,0.0,3,18.5
2019-11-14T00:00,上海,31.2304,121.4737,13.7,42,0.0,0.0,0,20.9
2019-11-14T01:00,上海,31.2304,121.4737,12.4,46,0.0,0.0,0,19.2
2019-11-14T02:00,上海,31.2304,121.4737,11.9,68,0.0,0.0,0,18.1
2019-11-14T03:00,上海,31.2304,121.4737,11.7,73,0.0,0.0,0,17.6
2019-11-14T04:00,上海,31.2304,121.4737,11.1,70,0.0,0.0,0,15.5
2019-11-14T05:00,上海,31.2304,121.4737,10.1,69,0.0,0.0,0,11.8
2019-11-14T06:00,上海,31.2304,121.4737,9.3,70,0.0,0.0,0,10.5
2019-11-14T07:00,上海,31.2304,121.4737,9.9,68,0.0,0.0,0,9.0
2019-11-14T08:00,上海,31.2304,121.4737,12.6,61,0.0,0.0,0,5.7
2019-11-14T09:00,上海,31.2304,121.4737,14.6,45,0.0,0.0,0,8.4
2019-11-14T10:00,上海,31.2304,121.4737,15.5,38,0.0,0.0,0,10.4
2019-11-14T11:00,上海,31.2304,121.4737,16.0,37,0.0,0.0,0,9.0
2019-11-14T12:00,上海,31.2304,121.4737,16.5,38,0.0,0.0,0,8.4
2019-11-14T13:00,上海,31.2304,121.4737,16.7,38,0.0,0.0,0,8.2
2019-11-14T14:00,上海,31.2304,121.4737,16.8,39,0.0,0.0,0,8.6
2019-11-14T15:00,上海,31.2304,121.4737,16.4,41,0.0,0.0,0,10.1
2019-11-14T16:00,上海,31.2304,121.4737,15.3,45,0.0,0.0,0,12.9
2019-11-14T17:00,上海,31.2304,121.4737,13.4,52,0.0,0.0,0,11.5
2019-11-14T18:00,上海,31.2304,121.4737,12.4,56,0.0,0.0,0,10.5
2019-11-14T19:00,上海,31.2304,121.4737,11.4,60,0.0,0.0,0,9.7
2019-11-14T20:00,上海,31.2304,121.4737,10.6,64,0.0,0.0,0,9.4
2019-11-14T21:00,上海,31.2304,121.4737,10.3,67,0.0,0.0,0,9.5
2019-11-14T22:00,上海,31.2304,121.4737,9.8,73,0.0,0.0,0,9.3
2019-11-14T23:00,上海,31.2304,121.4737,9.4,76,0.0,0.0,0,9.7
2019-11-15T00:00,上海,31.2304,121.4737,9.4,78,0.0,0.0,0,9.8
2019-11-15T01:00,上海,31.2304,121.4737,9.2,81,0.0,0.0,0,9.7
2019-11-15T02:00,上海,31.2304,121.4737,9.1,85,0.0,0.0,0,10.1
2019-11-15T03:00,上海,31.2304,121.4737,9.0,86,0.0,0.0,0,10.4
2019-11-15T04:00,上海,31.2304,121.4737,9.1,87,0.0,0.0,0,11.2
2019-11-15T05:00,上海,31.2304,121.4737,9.0,88,0.0,0.0,0,11.2
2019-11-15T06:00,上海,31.2304,121.4737,8.4,90,0.0,0.0,0,10.5
2019-11-15T07:00,上海,31.2304,121.4737,9.6,88,0.0,0.0,0,9.7
2019-11-15T08:00,上海,31.2304,121.4737,13.4,76,0.0,0.0,0,10.1
2019-11-15T09:00,上海,31.2304,121.4737,16.2,62,0.0,0.0,0,14.8
2019-11-15T10:00,上海,31.2304,121.4737,18.2,50,0.0,0.0,0,16.6
2019-11-15T11:00,上海,31.2304,121.4737,19.3,45,0.0,0.0,0,16.9
2019-11-15T12:00,上海,31.2304,121.4737,20.0,43,0.0,0.0,0,16.9
2019-11-15T13:00,上海,31.2304,121.4737,20.2,41,0.0,0.0,0,17.3
2019-11-15T14:00,上海,31.2304,121.4737,20.0,41,0.0,0.0,0,17.4
2019-11-15T15:00,上海,31.2304,121.4737,19.5,44,0.0,0.0,0,16.5
2019-11-15T16:00,上海,31.2304,121.4737,18.3,52,0.0,0.0,0,14.4
2019-11-15T17:00,上海,31.2304,121.4737,15.9,67,0.0,0.0,0,11.1
2019-11-15T18:00,上海,31.2304,121.4737,14.7,73,0.0,0.0,0,12.1
2019-11-15T19:00,上海,31.2304,121.4737,14.2,76,0.0,0.0,0,13.1
2019-11-15T20:00,上海,31.2304,121.4737,14.6,78,0.0,0.0,3,15.6
2019-11-15T21:00,上海,31.2304,121.4737,14.6,82,0.0,0.0,0,15.7
2019-11-15T22:00,上海,31.2304,121.4737,14.4,85,0.0,0.0,0,15.3
2019-11-15T23:00,上海,31.2304,121.4737,14.1,84,0.0,0.0,0,15.6
2019-11-16T00:00,上海,31.2304,121.4737,13.9,84,0.0,0.0,0,15.5
2019-11-16T01:00,上海,31.2304,121.4737,13.8,86,0.0,0.0,0,15.2
2019-11-16T02:00,上海,31.2304,121.4737,13.5,88,0.0,0.0,0,14.5
2019-11-16T03:00,上海,31.2304,121.4737,13.1,90,0.0,0.0,0,13.1
2019-11-16T04:00,上海,31.2304,121.4737,12.6,93,0.0,0.0,0,11.2
2019-11-16T05:00,上海,31.2304,121.4737,12.4,94,0.0,0.0,0,11.3
2019-11-16T06:00,上海,31.2304,121.4737,12.1,95,0.0,0.0,0,10.9
2019-11-16T07:00,上海,31.2304,121.4737,12.4,95,0.0,0.0,0,10.2
2019-11-16T08:00,上海,31.2304,121.4737,15.2,83,0.0,0.0,0,10.1
2019-11-16T09:00,上海,31.2304,121.4737,18.0,66,0.0,0.0,0,12.4
2019-11-16T10:00,上海,31.2304,121.4737,20.0,55,0.0,0.0,0,12.8
2019-11-16T11:00,上海,31.2304,121.4737,21.7,49,0.0,0.0,0,12.0
2019-11-16T12:00,上海,31.2304,121.4737,22.9,44,0.0,0.0,0,11.5
2019-11-16T13:00,上海,31.2304,121.4737,23.5,41,0.0,0.0,0,11.5
2019-11-16T14:00,上海,31.2304,121.4737,23.5,40,0.0,0.0,1,13.2
2019-11-16T15:00,上海,31.2304,121.4737,22.7,42,0.0,0.0,2,14.3
2019-11-16T16:00,上海,31.2304,121.4737,21.0,48,0.0,0.0,0,11.4
2019-11-16T17:00,上海,31.2304,121.4737,18.2,67,0.0,0.0,2,9.4
2019-11-16T18:00,上海,31.2304,121.4737,17.0,80,0.0,0.0,3,10.2
2019-11-16T19:00,上海,31.2304,121.4737,16.9,84,0.0,0.0,2,12.5
2019-11-16T20:00,上海,31.2304,121.4737,16.1,87,0.0,0.0,3,11.2
2019-11-16T21:00,上海,31.2304,121.4737,16.6,87,0.0,0.0,3,12.2
2019-11-16T22:00,上海,31.2304,121.4737,16.5,89,0.0,0.0,3,14.5
2019-11-16T23:00,上海,31.2304,121.4737,16.8,89,0.0,0.0,2,17.7
2019-11-17T00:00,上海,31.2304,121.4737,17.0,88,0.0,0.0,2,19.7
2019-11-17T01:00,上海,31.2304,121.4737,17.0,88,0.0,0.0,1,20.9
2019-11-17T02:00,上海,31.2304,121.4737,16.9,88,0.0,0.0,0,21.0
2019-11-17T03:00,上海,31.2304,121.4737,16.8,88,0.0,0.0,0,20.8
2019-11-17T04:00,上海,31.2304,121.4737,16.6,87,0.0,0.0,0,20.1
2019-11-17T05:00,上海,31.2304,121.4737,16.5,86,0.0,0.0,0,19.5
2019-11-17T06:00,上海,31.2304,121.4737,16.2,86,0.0,0.0,0,17.3
2019-11-17T07:00,上海,31.2304,121.4737,16.5,85,0.0,0.0,1,15.2
2019-11-17T08:00,上海,31.2304,121.4737,18.3,79,0.0,0.0,0,14.1
2019-11-17T09:00,上海,31.2304,121.4737,21.0,64,0.0,0.0,3,16.6
2019-11-17T10:00,上海,31.2304,121.4737,21.7,59,0.0,0.0,3,17.1
2019-11-17T11:00,上海,31.2304,121.4737,22.5,55,0.0,0.0,3,17.6
2019-11-17T12:00,上海,31.2304,121.4737,24.1,49,0.0,0.0,3,16.2
2019-11-17T13:00,上海,31.2304,121.4737,24.9,47,0.0,0.0,3,13.2
2019-11-17T14:00,上海,31.2304,121.4737,24.8,47,0.0,0.0,3,10.6
2019-11-17T15:00,上海,31.2304,121.4737,24.8,48,0.0,0.0,2,8.9
2019-11-17T16:00,上海,31.2304,121.4737,23.8,56,0.0,0.0,2,7.1
2019-11-17T17:00,上海,31.2304,121.4737,21.7,73,0.0,0.0,1,5.6
2019-11-17T18:00,上海,31.2304,121.4737,20.8,67,0.0,0.0,3,9.7
2019-11-17T19:00,上海,31.2304,121.4737,19.9,68,0.0,0.0,2,9.2
2019-11-17T20:00,上海,31.2304,121.4737,19.4,69,0.0,0.0,2,9.8
2019-11-17T21:00,上海,31.2304,121.4737,19.0,73,0.0,0.0,3,8.2
2019-11-17T22:00,上海,31.2304,121.4737,18.5,77,0.0,0.0,3,14.3
2019-11-17T23:00,上海,31.2304,121.4737,17.8,82,0.0,0.0,3,22.2
2019-11-18T00:00,上海,31.2304,121.4737,17.2,85,0.1,0.1,51,24.3
2019-11-18T01:00,上海,31.2304,121.4737,16.4,82,0.1,0.1,51,32.6
2019-11-18T02:00,上海,31.2304,121.4737,14.1,77,0.0,0.0,3,30.4
2019-11-18T03:00,上海,31.2304,121.4737,13.4,79,0.0,0.0,3,24.4
2019-11-18T04:00,上海,31.2304,121.4737,13.6,77,0.0,0.0,3,25.4
2019-11-18T05:00,上海,31.2304,121.4737,13.2,79,0.0,0.0,3,22.2
2019-11-18T06:00,上海,31.2304,121.4737,12.4,77,0.0,0.0,3,23.0
2019-11-18T07:00,上海,31.2304,121.4737,12.4,69,0.0,0.0,2,22.2
2019-11-18T08:00,上海,31.2304,121.4737,11.4,59,0.0,0.0,2,27.4
2019-11-18T09:00,上海,31.2304,121.4737,11.2,62,0.0,0.0,3,26.2
2019-11-18T10:00,上海,31.2304,121.4737,10.9,63,0.0,0.0,3,22.3
2019-11-18T11:00,上海,31.2304,121.4737,11.4,63,0.0,0.0,3,22.5
2019-11-18T12:00,上海,31.2304,121.4737,11.6,66,0.0,0.0,3,24.3
2019-11-18T13:00,上海,31.2304,121.4737,11.5,65,0.1,0.1,51,21.5
2019-11-18T14:00,上海,31.2304,121.4737,12.0,60,0.0,0.0,3,21.6
2019-11-18T15:00,上海,31.2304,121.4737,11.9,55,0.1,0.1,51,21.3
2019-11-18T16:00,上海,31.2304,121.4737,11.5,48,0.0,0.0,3,21.3
2019-11-18T17:00,上海,31.2304,121.4737,10.9,44,0.0,0.0,3,16.9
2019-11-18T18:00,上海,31.2304,121.4737,10.4,41,0.0,0.0,3,15.3
2019-11-18T19:00,上海,31.2304,121.4737,9.8,41,0.0,0.0,1,15.6
2019-11-18T20:00,上海,31.2304,121.4737,8.9,52,0.0,0.0,0,12.3
2019-11-18T21:00,上海,31.2304,121.4737,7.6,55,0.0,0.0,2,11.4
2019-11-18T22:00,上海,31.2304,121.4737,7.5,50,0.0,0.0,0,13.7
2019-11-18T23:00,上海,31.2304,121.4737,6.8,45,0.0,0.0,0,15.5
2019-11-19T00:00,上海,31.2304,121.4737,6.4,40,0.0,0.0,0,17.1
2019-11-19T01:00,上海,31.2304,121.4737,6.2,38,0.0,0.0,0,17.9
2019-11-19T02:00,上海,31.2304,121.4737,5.8,39,0.0,0.0,0,17.6
2019-11-19T03:00,上海,31.2304,121.4737,5.4,43,0.0,0.0,0,16.1
2019-11-19T04:00,上海,31.2304,121.4737,5.1,48,0.0,0.0,0,14.8
2019-11-19T05:00,上海,31.2304,121.4737,4.8,55,0.0,0.0,0,14.3
2019-11-19T06:00,上海,31.2304,121.4737,4.6,61,0.0,0.0,0,12.6
2019-11-19T07:00,上海,31.2304,121.4737,4.9,63,0.0,0.0,0,9.7
2019-11-19T08:00,上海,31.2304,121.4737,6.6,54,0.0,0.0,0,9.7
2019-11-19T09:00,上海,31.2304,121.4737,8.9,52,0.0,0.0,0,12.3
2019-11-19T10:00,上海,31.2304,121.4737,10.9,47,0.0,0.0,0,15.2
2019-11-19T11:00,上海,31.2304,121.4737,12.1,44,0.0,0.0,0,17.2
2019-11-19T12:00,上海,31.2304,121.4737,12.1,45,0.0,0.0,0,15.4
2019-11-19T13:00,上海,31.2304,121.4737,12.8,45,0.0,0.0,0,13.6
2019-11-19T14:00,上海,31.2304,121.4737,13.2,40,0.0,0.0,0,15.8
2019-11-19T15:00,上海,31.2304,121.4737,12.9,41,0.0,0.0,0,17.7
2019-11-19T16:00,上海,31.2304,121.4737,12.1,44,0.0,0.0,0,15.8
2019-11-19T17:00,上海,31.2304,121.4737,10.6,53,0.0,0.0,0,10.4
2019-11-19T18:00,上海,31.2304,121.4737,9.8,60,0.0,0.0,0,9.7
2019-11-19T19:00,上海,31.2304,121.4737,9.1,63,0.0,0.0,0,10.0
2019-11-19T20:00,上海,31.2304,121.4737,7.8,70,0.0,0.0,0,8.2
2019-11-19T21:00,上海,31.2304,121.4737,7.6,71,0.0,0.0,0,8.2
2019-11-19T22:00,上海,31.2304,121.4737,7.7,68,0.0,0.0,0,10.5
2019-11-19T23:00,上海,31.2304,121.4737,7.6,70,0.0,0.0,0,11.2
2019-11-20T00:00,上海,31.2304,121.4737,7.3,74,0.0,0.0,0,11.5
2019-11-20T01:00,上海,31.2304,121.4737,6.9,79,0.0,0.0,0,10.5
2019-11-20T02:00,上海,31.2304,121.4737,6.8,81,0.0,0.0,0,10.9
2019-11-20T03:00,上海,31.2304,121.4737,6.9,81,0.0,0.0,0,11.2
2019-11-20T04:00,上海,31.2304,121.4737,7.2,79,0.0,0.0,1,11.9
2019-11-20T05:00,上海,31.2304,121.4737,7.7,77,0.0,0.0,1,12.2
2019-11-20T06:00,上海,31.2304,121.4737,7.8,78,0.0,0.0,1,12.2
2019-11-20T07:00,上海,31.2304,121.4737,8.6,77,0.0,0.0,1,11.9
2019-11-20T08:00,上海,31.2304,121.4737,10.4,70,0.0,0.0,1,9.0
2019-11-20T09:00,上海,31.2304,121.4737,12.6,54,0.0,0.0,0,14.4
2019-11-20T10:00,上海,31.2304,121.4737,13.9,46,0.0,0.0,0,17.2
2019-11-20T11:00,上海,31.2304,121.4737,14.4,46,0.0,0.0,2,17.2
2019-11-20T12:00,上海,31.2304,121.4737,14.7,47,0.0,0.0,3,16.4
2019-11-20T13:00,上海,31.2304,121.4737,14.8,48,0.0,0.0,3,16.0
2019-11-20T14:00,上海,31.2304,121.4737,14.7,47,0.0,0.0,1,16.1
2019-11-20T15:00,上海,31.2304,121.4737,14.5,49,0.0,0.0,0,16.8
2019-11-20T16:00,上海,31.2304,121.4737,14.1,49,0.0,0.0,0,14.6
2019-11-20T17:00,上海,31.2304,121.4737,13.1,57,0.0,0.0,3,11.3
2019-11-20T18:00,上海,31.2304,121.4737,13.2,59,0.0,0.0,3,10.8
2019-11-20T19:00,上海,31.2304,121.4737,12.9,62,0.0,0.0,2,8.8
2019-11-20T20:00,上海,31.2304,121.4737,11.5,77,0.0,0.0,3,4.7
2019-11-20T21:00,上海,31.2304,121.4737,11.9,76,0.0,0.0,3,2.9
2019-11-20T22:00,上海,31.2304,121.4737,12.2,72,0.0,0.0,3,6.0
2019-11-20T23:00,上海,31.2304,121.4737,12.6,68,0.0,0.0,2,9.5
2019-11-21T00:00,上海,31.2304,121.4737,12.5,69,0.0,0.0,2,8.7
2019-11-21T01:00,上海,31.2304,121.4737,11.8,75,0.0,0.0,2,6.6
2019-11-21T02:00,上海,31.2304,121.4737,11.6,79,0.0,0.0,1,6.2
2019-11-21T03:00,上海,31.2304,121.4737,11.7,80,0.0,0.0,2,6.5
2019-11-21T04:00,上海,31.2304,121.4737,11.8,76,0.0,0.0,2,8.4
2019-11-21T05:00,上海,31.2304,121.4737,12.1,73,0.0,0.0,3,9.8
2019-11-21T06:00,上海,31.2304,121.4737,11.7,78,0.0,0.0,3,8.2
2019-11-21T07:00,上海,31.2304,121.4737,12.7,75,0.0,0.0,2,8.4
2019-11-21T08:00,上海,31.2304,121.4737,14.6,67,0.0,0.0,3,5.4
2019-11-21T09:00,上海,31.2304,121.4737,16.2,58,0.0,0.0,3,14.2
2019-11-21T10:00,上海,31.2304,121.4737,17.1,53,0.0,0.0,3,15.0
2019-11-21T11:00,上海,31.2304,121.4737,17.6,50,0.0,0.0,3,14.2
2019-11-21T12:00,上海,31.2304,121.4737,17.6,52,0.1,0.1,51,14.0
2019-11-21T13:00,上海,31.2304,121.4737,17.6,52,0.0,0.0,3,11.8
2019-11-21T14:00,上海,31.2304,121.4737,17.8,51,0.0,0.0,3,11.0
2019-11-21T15:00,上海,31.2304,121.4737,17.4,58,0.0,0.0,3,14.3
2019-11-21T16:00,上海,31.2304,121.4737,16.6,62,0.0,0.0,1,12.8
2019-11-21T17:00,上海,31.2304,121.4737,15.1,71,0.0,0.0,1,8.7
2019-11-21T18:00,上海,31.2304,121.4737,14.6,75,0.0,0.0,1,9.2
2019-11-21T19:00,上海,31.2304,121.4737,14.1,82,0.0,0.0,1,9.2
2019-11-21T20:00,上海,31.2304,121.4737,13.2,87,0.0,0.0,1,8.3
2019-11-21T21:00,上海,31.2304,121.4737,12.8,89,0.0,0.0,0,8.2
2019-11-21T22:00,上海,31.2304,121.4737,12.1,91,0.0,0.0,0,7.4
2019-11-21T23:00,上海,31.2304,121.4737,11.8,92,0.0,0.0,0,6.6
2019-11-22T00:00,上海,31.2304,121.4737,11.6,93,0.0,0.0,0,6.3
2019-11-22T01:00,上海,31.2304,121.4737,11.4,95,0.0,0.0,0,8.2
2019-11-22T02:00,上海,31.2304,121.4737,11.2,96,0.0,0.0,0,8.0
2019-11-22T03:00,上海,31.2304,121.4737,11.4,95,0.0,0.0,1,8.9
2019-11-22T04:00,上海,31.2304,121.4737,11.6,95,0.0,0.0,1,8.6
2019-11-22T05:00,上海,31.2304,121.4737,12.0,94,0.0,0.0,1,9.3
2019-11-22T06:00,上海,31.2304,121.4737,12.6,94,0.0,0.0,2,9.4
2019-11-22T07:00,上海,31.2304,121.4737,13.8,93,0.0,0.0,3,9.7
2019-11-22T08:00,上海,31.2304,121.4737,15.7,89,0.0,0.0,3,8.0
2019-11-22T09:00,上海,31.2304,121.4737,16.8,87,0.0,0.0,3,9.2
2019-11-22T10:00,上海,31.2304,121.4737,17.8,85,0.0,0.0,3,10.5
2019-11-22T11:00,上海,31.2304,121.4737,20.0,77,0.1,0.1,51,14.2
2019-11-22T12:00,上海,31.2304,121.4737,20.4,74,0.4,0.4,51,15.5
2019-11-22T13:00,上海,31.2304,121.4737,21.1,70,0.3,0.3,51,15.1
2019-11-22T14:00,上海,31.2304,121.4737,21.4,69,0.3,0.3,51,14.8
2019-11-22T15:00,上海,31.2304,121.4737,20.7,75,0.0,0.0,1,14.9
2019-11-22T16:00,上海,31.2304,121.4737,19.7,80,0.0,0.0,0,12.4
2019-11-22T17:00,上海,31.2304,121.4737,17.8,91,0.0,0.0,1,9.1
2019-11-22T18:00,上海,31.2304,121.4737,17.1,94,0.0,0.0,1,8.1
2019-11-22T19:00,上海,31.2304,121.4737,16.8,96,0.0,0.0,1,8.4
2019-11-22T20:00,上海,31.2304,121.4737,16.2,98,0.0,0.0,3,7.2
2019-11-22T21:00,上海,31.2304,121.4737,16.3,97,0.0,0.0,0,7.7
2019-11-22T22:00,上海,31.2304,121.4737,16.3,97,0.0,0.0,1,9.1
2019-11-22T23:00,上海,31.2304,121.4737,16.4,98,0.0,0.0,1,9.0
2019-11-23T00:00,上海,31.2304,121.4737,15.8,99,0.0,0.0,1,6.9
2019-11-23T01:00,上海,31.2304,121.4737,15.5,100,0.0,0.0,1,6.8
2019-11-23T02:00,上海,31.2304,121.4737,15.4,100,0.0,0.0,1,7.4
2019-11-23T03:00,上海,31.2304,121.4737,15.5,100,0.0,0.0,2,7.9
2019-11-23T04:00,上海,31.2304,121.4737,16.3,98,0.0,0.0,2,8.3
2019-11-23T05:00,上海,31.2304,121.4737,16.8,97,0.0,0.0,1,10.9
2019-11-23T06:00,上海,31.2304,121.4737,16.5,96,0.0,0.0,3,10.1
2019-11-23T07:00,上海,31.2304,121.4737,17.0,95,0.0,0.0,3,9.7
2019-11-23T08:00,上海,31.2304,121.4737,18.0,93,0.0,0.0,3,10.3
2019-11-23T09:00,上海,31.2304,121.4737,18.9,90,0.3,0.3,51,10.2
2019-11-23T10:00,上海,31.2304,121.4737,19.0,90,0.8,0.8,53,8.6
2019-11-23T11:00,上海,31.2304,121.4737,20.0,87,0.4,0.4,51,15.2
2019-11-23T12:00,上海,31.2304,121.4737,21.0,80,0.2,0.2,51,15.3
2019-11-23T13:00,上海,31.2304,121.4737,20.8,82,0.4,0.4,51,12.6
2019-11-23T14:00,上海,31.2304,121.4737,20.1,86,0.9,0.9,53,10.5
2019-11-23T15:00,上海,31.2304,121.4737,20.2,88,0.5,0.5,53,11.8
2019-11-23T16:00,上海,31.2304,121.4737,19.8,91,0.1,0.1,51,9.8
2019-11-23T17:00,上海,31.2304,121.4737,19.1,93,0.0,0.0,3,9.5
2019-11-23T18:00,上海,31.2304,121.4737,18.6,95,0.0,0.0,2,8.4
2019-11-23T19:00,上海,31.2304,121.4737,18.0,96,0.0,0.0,3,8.4
2019-11-23T20:00,上海,31.2304,121.4737,17.5,97,0.0,0.0,3,6.9
2019-11-23T21:00,上海,31.2304,121.4737,17.8,96,0.0,0.0,3,6.6
2019-11-23T22:00,上海,31.2304,121.4737,17.9,96,0.1,0.1,51,6.5
2019-11-23T23:00,上海,31.2304,121.4737,17.8,96,0.0,0.0,3,5.9
2019-11-24T00:00,上海,31.2304,121.4737,17.5,98,0.0,0.0,3,4.5
2019-11-24T01:00,上海,31.2304,121.4737,17.1,98,0.0,0.0,2,4.4
2019-11-24T02:00,上海,31.2304,121.4737,16.5,99,0.0,0.0,1,5.1
2019-11-24T03:00,上海,31.2304,121.4737,15.8,100,0.0,0.0,3,5.2
2019-11-24T04:00,上海,31.2304,121.4737,15.3,100,0.0,0.0,3,5.8
2019-11-24T05:00,上海,31.2304,121.4737,15.3,100,0.0,0.0,3,7.0
2019-11-24T06:00,上海,31.2304,121.4737,15.4,100,0.0,0.0,3,5.3
2019-11-24T07:00,上海,31.2304,121.4737,15.5,99,0.0,0.0,3,5.9
2019-11-24T08:00,上海,31.2304,121.4737,17.1,96,0.0,0.0,3,9.2
2019-11-24T09:00,上海,31.2304,121.4737,17.8,97,0.0,0.0,3,11.2
2019-11-24T10:00,上海,31.2304,121.4737,19.3,88,0.0,0.0,3,11.6
2019-11-24T11:00,上海,31.2304,121.4737,20.5,82,0.0,0.0,3,11.8
2019-11-24T12:00,上海,31.2304,121.4737,21.2,79,0.0,0.0,2,13.4
2019-11-24T13:00,上海,31.2304,121.4737,21.5,76,0.0,0.0,3,14.1
2019-11-24T14:00,上海,31.2304,121.4737,21.8,73,0.0,0.0,2,14.1
2019-11-24T15:00,上海,31.2304,121.4737,21.5,72,0.1,0.1,51,17.9
2019-11-24T16:00,上海,31.2304,121.4737,18.1,86,1.3,1.3,61,26.5
2019-11-24T17:00,上海,31.2304,121.4737,17.1,92,0.4,0.4,51,21.2
2019-11-24T18:00,上海,31.2304,121.4737,16.2,91,0.1,0.1,51,28.1
2019-11-24T19:00,上海,31.2304,121.4737,15.1,86,0.1,0.1,51,28.5
2019-11-24T20:00,上海,31.2304,121.4737,14.6,85,0.0,0.0,3,26.8
2019-11-24T21:00,上海,31.2304,121.4737,14.2,82,0.0,0.0,3,23.5
2019-11-24T22:00,上海,31.2304,121.4737,14.0,78,0.0,0.0,3,26.3
2019-11-24T23:00,上海,31.2304,121.4737,13.2,77,0.1,0.1,51,28.9
2019-11-25T00:00,上海,31.2304,121.4737,12.6,75,0.0,0.0,3,28.8
2019-11-25T01:00,上海,31.2304,121.4737,12.4,71,0.0,0.0,3,30.4
2019-11-25T02:00,上海,31.2304,121.4737,12.1,71,0.0,0.0,3,30.7
2019-11-25T03:00,上海,31.2304,121.4737,11.5,72,0.0,0.0,3,29.8
2019-11-25T04:00,上海,31.2304,121.4737,11.1,69,0.0,0.0,3,29.2
2019-11-25T05:00,上海,31.2304,121.4737,10.9,69,0.0,0.0,3,29.2
2019-11-25T06:00,上海,31.2304,121.4737,10.6,68,0.0,0.0,3,29.0
2019-11-25T07:00,上海,31.2304,121.4737,10.2,67,0.0,0.0,3,28.3
2019-11-25T08:00,上海,31.2304,121.4737,9.7,65,0.0,0.0,3,28.1
2019-11-25T09:00,上海,31.2304,121.4737,9.9,63,0.0,0.0,3,25.0
2019-11-25T10:00,上海,31.2304,121.4737,10.1,63,0.0,0.0,3,25.5
2019-11-25T11:00,上海,31.2304,121.4737,9.9,64,0.1,0.1,51,23.5
2019-11-25T12:00,上海,31.2304,121.4737,9.5,65,0.3,0.3,51,22.0
2019-11-25T13:00,上海,31.2304,121.4737,9.6,62,0.0,0.0,3,24.9
2019-11-25T14:00,上海,31.2304,121.4737,9.9,61,0.0,0.0,3,26.4
2019-11-25T15:00,上海,31.2304,121.4737,9.4,62,0.0,0.0,3,23.9
2019-11-25T16:00,上海,31.2304,121.4737,8.9,65,0.0,0.0,3,22.5
2019-11-25T17:00,上海,31.2304,121.4737,8.6,67,0.0,0.0,3,18.8
2019-11-25T18:00,上海,31.2304,121.4737,8.6,68,0.0,0.0,3,18.0
2019-11-25T19:00,上海,31.2304,121.4737,8.4,71,0.0,0.0,3,15.5
2019-11-25T20:00,上海,31.2304,121.4737,7.8,76,0.0,0.0,3,11.6
2019-11-25T21:00,上海,31.2304,121.4737,7.8,76,0.0,0.0,3,12.8
2019-11-25T22:00,上海,31.2304,121.4737,8.1,74,0.0,0.0,3,12.6
2019-11-25T23:00,上海,31.2304,121.4737,8.5,71,0.0,0.0,3,14.4
2019-11-26T00:00,上海,31.2304,121.4737,8.5,72,0.0,0.0,0,13.4
2019-11-26T01:00,上海,31.2304,121.4737,7.8,75,0.0,0.0,0,13.0
2019-11-26T02:00,上海,31.2304,121.4737,7.7,75,0.0,0.0,0,13.1
2019-11-26T03:00,上海,31.2304,121.4737,7.7,76,0.0,0.0,0,13.7
2019-11-26T04:00,上海,31.2304,121.4737,7.4,78,0.0,0.0,0,12.7
2019-11-26T05:00,上海,31.2304,121.4737,7.2,81,0.0,0.0,1,12.4
2019-11-26T06:00,上海,31.2304,121.4737,7.3,82,0.0,0.0,2,12.1
2019-11-26T07:00,上海,31.2304,121.4737,7.6,82,0.0,0.0,0,11.0
2019-11-26T08:00,上海,31.2304,121.4737,9.1,76,0.0,0.0,3,10.1
2019-11-26T09:00,上海,31.2304,121.4737,10.8,67,0.0,0.0,3,13.4
2019-11-26T10:00,上海,31.2304,121.4737,11.7,64,0.0,0.0,3,13.0
2019-11-26T11:00,上海,31.2304,121.4737,12.1,63,0.0,0.0,3,13.0
2019-11-26T12:00,上海,31.2304,121.4737,12.9,59,0.0,0.0,3,9.4
2019-11-26T13:00,上海,31.2304,121.4737,13.1,57,0.0,0.0,3,7.2
2019-11-26T14:00,上海,31.2304,121.4737,13.3,56,0.0,0.0,3,8.0
2019-11-26T15:00,上海,31.2304,121.4737,13.1,58,0.0,0.0,3,11.3
2019-11-26T16:00,上海,31.2304,121.4737,12.4,62,0.0,0.0,3,12.4
2019-11-26T17:00,上海,31.2304,121.4737,11.4,68,0.0,0.0,3,11.4
2019-11-26T18:00,上海,31.2304,121.4737,10.7,74,0.7,0.7,53,11.8
2019-11-26T19:00,上海,31.2304,121.4737,10.1,79,0.7,0.7,53,11.8
2019-11-26T20:00,上海,31.2304,121.4737,9.8,79,0.0,0.0,3,11.0
2019-11-26T21:00,上海,31.2304,121.4737,9.4,81,0.0,0.0,3,9.4
2019-11-26T22:00,上海,31.2304,121.4737,8.9,84,0.0,0.0,3,8.5
2019-11-26T23:00,上海,31.2304,121.4737,9.4,83,0.1,0.1,51,8.4
2019-11-27T00:00,上海,31.2304,121.4737,9.4,83,0.1,0.1,51,8.4
2019-11-27T01:00,上海,31.2304,121.4737,9.5,82,0.0,0.0,3,9.4
2019-11-27T02:00,上海,31.2304,121.4737,9.2,83,0.0,0.0,3,10.8
2019-11-27T03:00,上海,31.2304,121.4737,9.3,85,0.0,0.0,3,13.0
2019-11-27T04:00,上海,31.2304,121.4737,9.1,86,0.0,0.0,3,13.3
2019-11-27T05:00,上海,31.2304,121.4737,9.6,85,0.0,0.0,3,14.4
2019-11-27T06:00,上海,31.2304,121.4737,9.9,83,0.0,0.0,3,15.1
2019-11-27T07:00,上海,31.2304,121.4737,10.1,83,0.0,0.0,3,15.1
2019-11-27T08:00,上海,31.2304,121.4737,10.2,82,0.0,0.0,3,12.6
2019-11-27T09:00,上海,31.2304,121.4737,10.9,76,0.0,0.0,3,18.2
2019-11-27T10:00,上海,31.2304,121.4737,11.1,75,0.0,0.0,3,20.1
2019-11-27T11:00,上海,31.2304,121.4737,10.9,75,0.0,0.0,3,20.4
2019-11-27T12:00,上海,31.2304,121.4737,10.9,75,0.0,0.0,3,20.8
2019-11-27T13:00,上海,31.2304,121.4737,10.8,75,0.1,0.1,51,21.5
2019-11-27T14:00,上海,31.2304,121.4737,10.4,78,0.3,0.3,51,18.8
2019-11-27T15:00,上海,31.2304,121.4737,10.1,82,0.8,0.8,53,18.4
2019-11-27T16:00,上海,31.2304,121.4737,9.6,84,1.5,1.5,61,21.6
2019-11-27T17:00,上海,31.2304,121.4737,9.3,82,1.6,1.6,61,20.5
2019-11-27T18:00,上海,31.2304,121.4737,9.3,83,0.7,0.7,53,15.9
2019-11-27T19:00,上海,31.2304,121.4737,9.1,86,0.4,0.4,51,13.6
2019-11-27T20:00,上海,31.2304,121.4737,9.0,89,0.6,0.6,53,14.1
2019-11-27T21:00,上海,31.2304,121.4737,9.0,90,0.7,0.7,53,15.3
2019-11-27T22:00,上海,31.2304,121.4737,9.4,90,0.7,0.7,53,13.5
2019-11-27T23:00,上海,31.2304,121.4737,9.7,83,0.5,0.5,53,17.3
2019-11-28T00:00,上海,31.2304,121.4737,9.4,80,0.1,0.1,51,17.3
2019-11-28T01:00,上海,31.2304,121.4737,9.1,76,0.0,0.0,3,19.1
2019-11-28T02:00,上海,31.2304,121.4737,8.9,72,0.0,0.0,1,21.2
2019-11-28T03:00,上海,31.2304,121.4737,8.4,73,0.0,0.0,2,22.3
2019-11-28T04:00,上海,31.2304,121.4737,8.4,72,0.0,0.0,3,22.3
2019-11-28T05:00,上海,31.2304,121.4737,8.6,71,0.0,0.0,3,21.2
2019-11-28T06:00,上海,31.2304,121.4737,8.4,71,0.0,0.0,2,21.3
2019-11-28T07:00,上海,31.2304,121.4737,8.3,71,0.0,0.0,3,19.1
2019-11-28T08:00,上海,31.2304,121.4737,8.6,69,0.0,0.0,3,21.3
2019-11-28T09:00,上海,31.2304,121.4737,8.9,68,0.0,0.0,3,21.7
2019-11-28T10:00,上海,31.2304,121.4737,9.8,64,0.0,0.0,3,22.5
2019-11-28T11:00,上海,31.2304,121.4737,10.4,62,0.0,0.0,3,22.1
2019-11-28T12:00,上海,31.2304,121.4737,10.1,62,0.0,0.0,3,21.3
2019-11-28T13:00,上海,31.2304,121.4737,10.3,60,0.0,0.0,3,20.0
2019-11-28T14:00,上海,31.2304,121.4737,10.4,60,0.0,0.0,3,20.9
2019-11-28T15:00,上海,31.2304,121.4737,10.5,59,0.0,0.0,3,20.2
2019-11-28T16:00,上海,31.2304,121.4737,10.1,63,0.0,0.0,3,17.7
2019-11-28T17:00,上海,31.2304,121.4737,9.5,66,0.0,0.0,3,17.7
2019-11-28T18:00,上海,31.2304,121.4737,9.2,68,0.0,0.0,3,17.4
2019-11-28T19:00,上海,31.2304,121.4737,9.1,69,0.0,0.0,2,16.7
2019-11-28T20:00,上海,31.2304,121.4737,8.5,71,0.0,0.0,3,17.4
2019-11-28T21:00,上海,31.2304,121.4737,8.3,73,0.0,0.0,3,17.1
2019-11-28T22:00,上海,31.2304,121.4737,8.3,74,0.0,0.0,2,17.0
2019-11-28T23:00,上海,31.2304,121.4737,8.2,75,0.0,0.0,2,14.3
2019-11-29T00:00,上海,31.2304,121.4737,8.1,77,0.0,0.0,2,12.4
2019-11-29T01:00,上海,31.2304,121.4737,7.6,80,0.0,0.0,0,11.0
2019-11-29T02:00,上海,31.2304,121.4737,7.2,82,0.0,0.0,2,11.3
2019-11-29T03:00,上海,31.2304,121.4737,7.9,79,0.0,0.0,3,11.2
2019-11-29T04:00,上海,31.2304,121.4737,8.4,78,0.0,0.0,3,11.6
2019-11-29T05:00,上海,31.2304,121.4737,8.6,78,0.0,0.0,3,12.0
2019-11-29T06:00,上海,31.2304,121.4737,8.9,76,0.0,0.0,3,13.0
2019-11-29T07:00,上海,31.2304,121.4737,9.3,76,0.0,0.0,3,13.3
2019-11-29T08:00,上海,31.2304,121.4737,9.7,77,0.0,0.0,3,10.7
2019-11-29T09:00,上海,31.2304,121.4737,10.6,72,0.0,0.0,3,14.8
2019-11-29T10:00,上海,31.2304,121.4737,11.1,72,0.1,0.1,51,16.2
2019-11-29T11:00,上海,31.2304,121.4737,12.1,64,0.1,0.1,51,16.3
2019-11-29T12:00,上海,31.2304,121.4737,12.1,61,0.0,0.0,3,16.4
2019-11-29T13:00,上海,31.2304,121.4737,12.1,61,0.0,0.0,3,17.6
2019-11-29T14:00,上海,31.2304,121.4737,12.2,58,0.0,0.0,3,17.1
2019-11-29T15:00,上海,31.2304,121.4737,11.8,61,0.0,0.0,2,17.1
2019-11-29T16:00,上海,31.2304,121.4737,11.3,64,0.0,0.0,1,15.1
2019-11-29T17:00,上海,31.2304,121.4737,9.9,70,0.0,0.0,1,14.1
2019-11-29T18:00,上海,31.2304,121.4737,9.6,73,0.0,0.0,1,14.3
2019-11-29T19:00,上海,31.2304,121.4737,9.2,75,0.0,0.0,1,12.7
2019-11-29T20:00,上海,31.2304,121.4737,9.4,77,0.0,0.0,1,14.8
2019-11-29T21:00,上海,31.2304,121.4737,9.6,77,0.0,0.0,3,12.6
2019-11-29T22:00,上海,31.2304,121.4737,10.4,73,0.0,0.0,3,12.7
2019-11-29T23:00,上海,31.2304,121.4737,10.8,72,0.0,0.0,3,10.7
2019-11-30T00:00,上海,31.2304,121.4737,10.6,75,0.0,0.0,3,9.1
2019-11-30T01:00,上海,31.2304,121.4737,10.4,78,0.0,0.0,3,8.0
2019-11-30T02:00,上海,31.2304,121.4737,10.4,78,0.0,0.0,3,8.3
2019-11-30T03:00,上海,31.2304,121.4737,10.1,81,0.0,0.0,3,8.0
2019-11-30T04:00,上海,31.2304,121.4737,10.2,83,0.0,0.0,3,6.9
2019-11-30T05:00,上海,31.2304,121.4737,10.1,85,0.0,0.0,3,5.8
2019-11-30T06:00,上海,31.2304,121.4737,10.4,86,0.0,0.0,3,4.8
2019-11-30T07:00,上海,31.2304,121.4737,10.9,83,0.0,0.0,3,6.2
2019-11-30T08:00,上海,31.2304,121.4737,11.4,85,0.0,0.0,3,9.0
2019-11-30T09:00,上海,31.2304,121.4737,11.9,85,0.0,0.0,3,8.8
2019-11-30T10:00,上海,31.2304,121.4737,13.2,81,0.2,0.2,51,11.3
2019-11-30T11:00,上海,31.2304,121.4737,13.2,83,0.1,0.1,51,10.4
2019-11-30T12:00,上海,31.2304,121.4737,13.9,79,0.1,0.1,51,9.4
2019-11-30T13:00,上海,31.2304,121.4737,14.1,78,0.0,0.0,3,8.3
2019-11-30T14:00,上海,31.2304,121.4737,13.8,81,0.1,0.1,51,6.2
2019-11-30T15:00,上海,31.2304,121.4737,13.6,83,0.2,0.2,51,6.0
2019-11-30T16:00,上海,31.2304,121.4737,13.1,88,0.3,0.3,51,5.2
2019-11-30T17:00,上海,31.2304,121.4737,12.6,90,0.4,0.4,51,7.1
2019-11-30T18:00,上海,31.2304,121.4737,12.6,91,0.5,0.5,53,8.4
2019-11-30T19:00,上海,31.2304,121.4737,12.6,92,0.5,0.5,53,7.6
2019-11-30T20:00,上海,31.2304,121.4737,12.5,92,0.9,0.9,53,9.2
2019-11-30T21:00,上海,31.2304,121.4737,12.1,95,2.3,2.3,61,7.6
2019-11-30T22:00,上海,31.2304,121.4737,12.4,95,2.0,2.0,61,8.6
2019-11-30T23:00,上海,31.2304,121.4737,12.6,95,1.3,1.3,61,10.2
